time_step,                           population_size,                           mean_age,                           mean_sex,                           mean_food_consumed,                           mean_pesticide_consumed,                           mortality_rate,mean_food1_consumed,mean_pesticide1_consumed,trait1_mean_value,trait2_mean_value,trait3_mean_value,trait4_mean_value,trait5_mean_value,trait6_mean_value,
0, 1000, 1.000000, 0.000000, 0.016000, 0.000000, 0.840000,0.016000,0.000000,-0.000013,-0.000004,0.000017,0.000007,0.000008,0.000000,
1, 160, 2.000000, 0.000000, 0.196250, 0.000000, 0.000000,0.196250,0.000000,0.000065,0.000067,-0.000142,-0.000084,-0.000073,-0.000051,
2, 362, 1.883978, 0.000000, 0.168508, 0.000000, 0.110497,0.168508,0.000000,0.000045,0.000047,-0.000098,-0.000058,-0.000050,-0.000036,
3, 515, 2.246602, 0.000000, 0.193398, 0.000000, 0.126214,0.193398,0.000000,0.000056,0.000060,-0.000125,-0.000074,-0.000064,-0.000046,
4, 842, 2.296912, 0.000000, 0.186580, 0.000000, 0.334917,0.186580,0.000000,0.000060,0.000056,-0.000122,-0.000069,-0.000061,-0.000039,
5, 1112, 1.910072, 0.000000, 0.146223, 0.000000, 0.194245,0.146223,0.000000,0.000065,0.000056,-0.000124,-0.000068,-0.000061,-0.000037,
6, 1634, 2.167687, 0.000000, 0.153611, 0.000000, 0.315789,0.153611,0.000000,0.000061,0.000054,-0.000118,-0.000065,-0.000058,-0.000036,
7, 2285, 2.040700, 0.000000, 0.125252, 0.000000, 0.366302,0.125252,0.000000,0.000066,0.000050,-0.000117,-0.000061,-0.000057,-0.000030,
8, 2976, 2.113575, 0.000000, 0.115961, 0.000000, 0.427755,0.115961,0.000000,0.000065,0.000048,-0.000114,-0.000059,-0.000055,-0.000028,
9, 3599, 2.093915, 0.000000, 0.100445, 0.000000, 0.473465,0.100445,0.000000,0.000060,0.000043,-0.000102,-0.000051,-0.000049,-0.000024,
10, 4068, 2.103245, 0.000000, 0.091618, 0.000000, 0.502950,0.091618,0.000000,0.000063,0.000045,-0.000106,-0.000053,-0.000050,-0.000025,
11, 4561, 2.090550, 0.000000, 0.084017, 0.000000, 0.536505,0.084017,0.000000,0.000038,0.000028,-0.000065,-0.000032,-0.000031,-0.000016,
12, 4706, 2.116872, 0.000000, 0.082235, 0.000000, 0.548236,0.082235,0.000000,0.000057,0.000036,-0.000091,-0.000043,-0.000043,-0.000017,
13, 4867, 2.085268, 0.000000, 0.078817, 0.000000, 0.560715,0.078817,0.000000,0.000052,0.000035,-0.000085,-0.000042,-0.000040,-0.000018,
14, 4854, 2.093531, 0.000000, 0.078698, 0.000000, 0.552740,0.078698,0.000000,0.000055,0.000035,-0.000086,-0.000041,-0.000040,-0.000016,
15, 4933, 2.101764, 0.000000, 0.078086, 0.000000, 0.557673,0.078086,0.000000,0.000053,0.000032,-0.000082,-0.000038,-0.000038,-0.000014,
16, 4988, 2.086006, 0.000000, 0.076965, 0.000000, 0.557137,0.076965,0.000000,0.000064,0.000041,-0.000104,-0.000050,-0.000049,-0.000020,
17, 4975, 2.101106, 0.000000, 0.078090, 0.000000, 0.556784,0.078090,0.000000,0.000053,0.000032,-0.000082,-0.000038,-0.000038,-0.000014,
18, 5017, 2.100857, 0.000000, 0.077835, 0.000000, 0.558900,0.077835,0.000000,0.000080,0.000050,-0.000127,-0.000062,-0.000061,-0.000024,
19, 5106, 2.088915, 0.000000, 0.076498, 0.000000, 0.566392,0.076498,0.000000,0.000081,0.000053,-0.000133,-0.000066,-0.000064,-0.000027,
20, 5131, 2.077763, 0.000000, 0.075541, 0.000000, 0.569090,0.075541,0.000000,0.000092,0.000059,-0.000150,-0.000074,-0.000072,-0.000030,
21, 5148, 2.065462, 0.000000, 0.075311, 0.000000, 0.564297,0.075311,0.000000,0.000074,0.000048,-0.000120,-0.000059,-0.000057,-0.000024,
22, 5157, 2.082800, 0.000000, 0.075664, 0.000000, 0.564282,0.075664,0.000000,0.000108,0.000072,-0.000180,-0.000091,-0.000088,-0.000039,
23, 5114, 2.099531, 0.000000, 0.076691, 0.000000, 0.562182,0.076691,0.000000,0.000097,0.000066,-0.000163,-0.000083,-0.000079,-0.000036,
24, 5124, 2.095628, 0.000000, 0.076600, 0.000000, 0.567330,0.076600,0.000000,0.000106,0.000069,-0.000174,-0.000087,-0.000084,-0.000036,
25, 5133, 2.088447, 0.000000, 0.076427, 0.000000, 0.572959,0.076427,0.000000,0.000107,0.000072,-0.000179,-0.000091,-0.000087,-0.000039,
26, 5016, 2.097887, 0.000000, 0.077392, 0.000000, 0.561404,0.077392,0.000000,0.000074,0.000047,-0.000120,-0.000059,-0.000057,-0.000024,
27, 5026, 2.090927, 0.000000, 0.077039, 0.000000, 0.563470,0.077039,0.000000,0.000073,0.000049,-0.000120,-0.000059,-0.000057,-0.000026,
28, 5126, 2.065353, 0.000000, 0.075439, 0.000000, 0.564573,0.075439,0.000000,0.000079,0.000054,-0.000133,-0.000067,-0.000064,-0.000029,
29, 5080, 2.089961, 0.000000, 0.076831, 0.000000, 0.554528,0.076831,0.000000,0.000057,0.000039,-0.000094,-0.000047,-0.000045,-0.000021,
30, 5028, 2.119332, 0.000000, 0.078162, 0.000000, 0.551512,0.078162,0.000000,0.000056,0.000038,-0.000092,-0.000045,-0.000043,-0.000020,
31, 5185, 2.085246, 0.000000, 0.075526, 0.000000, 0.561427,0.075526,0.000000,0.000064,0.000045,-0.000109,-0.000055,-0.000053,-0.000025,
32, 5261, 2.085155, 0.000000, 0.074929, 0.000000, 0.571374,0.074929,0.000000,0.000058,0.000039,-0.000095,-0.000047,-0.000045,-0.000020,
33, 5205, 2.086647, 0.000000, 0.075389, 0.000000, 0.564073,0.075389,0.000000,0.000037,0.000023,-0.000057,-0.000026,-0.000026,-0.000010,
34, 5188, 2.085004, 0.000000, 0.074865, 0.000000, 0.558597,0.074865,0.000000,0.000019,0.000013,-0.000030,-0.000013,-0.000012,-0.000006,
35, 5246, 2.085589, 0.000000, 0.074457, 0.000000, 0.568814,0.074457,0.000000,0.000041,0.000030,-0.000070,-0.000035,-0.000033,-0.000017,
36, 5351, 2.063166, 0.000000, 0.073781, 0.000000, 0.577275,0.073781,0.000000,0.000055,0.000041,-0.000096,-0.000049,-0.000046,-0.000024,
37, 5181, 2.103841, 0.000000, 0.075931, 0.000000, 0.569581,0.075931,0.000000,0.000046,0.000038,-0.000085,-0.000045,-0.000041,-0.000024,
38, 5098, 2.097882, 0.000000, 0.076422, 0.000000, 0.570027,0.076422,0.000000,0.000044,0.000039,-0.000085,-0.000047,-0.000042,-0.000027,
39, 5127, 2.069046, 0.000000, 0.075249, 0.000000, 0.570119,0.075249,0.000000,0.000049,0.000044,-0.000095,-0.000052,-0.000047,-0.000029,
40, 5050, 2.094851, 0.000000, 0.077109, 0.000000, 0.563762,0.077109,0.000000,0.000065,0.000053,-0.000121,-0.000065,-0.000059,-0.000034,
41, 5004, 2.099121, 0.000000, 0.077438, 0.000000, 0.558153,0.077438,0.000000,0.000053,0.000044,-0.000099,-0.000053,-0.000048,-0.000028,
42, 4978, 2.102250, 0.000000, 0.077762, 0.000000, 0.553636,0.077762,0.000000,0.000074,0.000054,-0.000130,-0.000068,-0.000064,-0.000032,
43, 5073, 2.094619, 0.000000, 0.076838, 0.000000, 0.562980,0.076838,0.000000,0.000059,0.000041,-0.000100,-0.000051,-0.000048,-0.000023,
44, 5196, 2.071209, 0.000000, 0.075019, 0.000000, 0.567744,0.075019,0.000000,0.000084,0.000054,-0.000139,-0.000069,-0.000067,-0.000028,
45, 5125, 2.089561, 0.000000, 0.075902, 0.000000, 0.565659,0.075902,0.000000,0.000072,0.000043,-0.000113,-0.000054,-0.000054,-0.000020,
46, 5131, 2.082440, 0.000000, 0.075541, 0.000000, 0.563828,0.075541,0.000000,0.000073,0.000046,-0.000117,-0.000057,-0.000056,-0.000022,
47, 5206, 2.074145, 0.000000, 0.075010, 0.000000, 0.565309,0.075010,0.000000,0.000081,0.000048,-0.000125,-0.000059,-0.000059,-0.000022,
48, 5141, 2.103093, 0.000000, 0.076717, 0.000000, 0.565260,0.076717,0.000000,0.000077,0.000046,-0.000121,-0.000058,-0.000058,-0.000022,
49, 5205, 2.068588, 0.000000, 0.075216, 0.000000, 0.567915,0.075216,0.000000,0.000070,0.000041,-0.000109,-0.000052,-0.000051,-0.000019,
50, 5203, 2.083029, 0.000000, 0.075303, 0.000000, 0.569671,0.075303,0.000000,0.000082,0.000046,-0.000125,-0.000058,-0.000059,-0.000019,
51, 5153, 2.091791, 0.000000, 0.075936, 0.000000, 0.570735,0.075936,0.000000,0.000077,0.000040,-0.000113,-0.000050,-0.000052,-0.000014,
52, 5129, 2.082862, 0.000000, 0.075765, 0.000000, 0.564048,0.075765,0.000000,0.000059,0.000029,-0.000083,-0.000036,-0.000038,-0.000009,
53, 5149, 2.079433, 0.000000, 0.075840, 0.000000, 0.566518,0.075840,0.000000,0.000056,0.000027,-0.000077,-0.000032,-0.000035,-0.000007,
54, 5170, 2.075048, 0.000000, 0.075222, 0.000000, 0.564023,0.075222,0.000000,0.000048,0.000022,-0.000064,-0.000025,-0.000028,-0.000004,
55, 5126, 2.093250, 0.000000, 0.076434, 0.000000, 0.560281,0.076434,0.000000,0.000053,0.000029,-0.000079,-0.000036,-0.000037,-0.000011,
56, 5238, 2.084765, 0.000000, 0.075010, 0.000000, 0.573310,0.075010,0.000000,0.000070,0.000040,-0.000106,-0.000049,-0.000050,-0.000017,
57, 5230, 2.068642, 0.000000, 0.074685, 0.000000, 0.572084,0.074685,0.000000,0.000053,0.000030,-0.000080,-0.000036,-0.000037,-0.000012,
58, 5052, 2.110649, 0.000000, 0.077257, 0.000000, 0.558195,0.077257,0.000000,0.000060,0.000033,-0.000088,-0.000039,-0.000041,-0.000012,
59, 5069, 2.094299, 0.000000, 0.077057, 0.000000, 0.553166,0.077057,0.000000,0.000041,0.000022,-0.000059,-0.000025,-0.000027,-0.000007,
60, 5172, 2.089714, 0.000000, 0.075677, 0.000000, 0.564192,0.075677,0.000000,0.000045,0.000028,-0.000069,-0.000032,-0.000032,-0.000012,
61, 5208, 2.082565, 0.000000, 0.075077, 0.000000, 0.563172,0.075077,0.000000,0.000047,0.000028,-0.000072,-0.000033,-0.000033,-0.000012,
62, 5141, 2.105816, 0.000000, 0.076561, 0.000000, 0.562731,0.076561,0.000000,0.000044,0.000023,-0.000063,-0.000027,-0.000029,-0.000008,
63, 5326, 2.062899, 0.000000, 0.073526, 0.000000, 0.573977,0.073526,0.000000,0.000049,0.000026,-0.000070,-0.000031,-0.000032,-0.000009,
64, 5214, 2.078251, 0.000000, 0.075105, 0.000000, 0.562332,0.075105,0.000000,0.000065,0.000040,-0.000103,-0.000049,-0.000049,-0.000018,
65, 5199, 2.095595, 0.000000, 0.076034, 0.000000, 0.562801,0.076034,0.000000,0.000070,0.000039,-0.000105,-0.000048,-0.000049,-0.000016,
66, 5240, 2.079580, 0.000000, 0.074599, 0.000000, 0.565076,0.074599,0.000000,0.000055,0.000026,-0.000075,-0.000031,-0.000034,-0.000007,
67, 5240, 2.101527, 0.000000, 0.075382, 0.000000, 0.572137,0.075382,0.000000,0.000059,0.000029,-0.000082,-0.000034,-0.000037,-0.000008,
68, 5098, 2.102785, 0.000000, 0.076049, 0.000000, 0.566497,0.076049,0.000000,0.000064,0.000031,-0.000089,-0.000038,-0.000041,-0.000008,
69, 5114, 2.089558, 0.000000, 0.076105, 0.000000, 0.572350,0.076105,0.000000,0.000071,0.000034,-0.000099,-0.000043,-0.000046,-0.000010,
70, 4941, 2.109694, 0.000000, 0.078061, 0.000000, 0.560210,0.078061,0.000000,0.000058,0.000023,-0.000073,-0.000028,-0.000032,-0.000002,
71, 4973, 2.099538, 0.000000, 0.077700, 0.000000, 0.564448,0.077700,0.000000,0.000058,0.000024,-0.000074,-0.000029,-0.000033,-0.000003,
72, 5018, 2.074133, 0.000000, 0.076385, 0.000000, 0.563372,0.076385,0.000000,0.000057,0.000024,-0.000072,-0.000027,-0.000031,-0.000003,
73, 4959, 2.098810, 0.000000, 0.077677, 0.000000, 0.557370,0.077677,0.000000,0.000027,0.000005,-0.000022,-0.000001,-0.000006,0.000008,
74, 5003, 2.091345, 0.000000, 0.076934, 0.000000, 0.553468,0.076934,0.000000,0.000023,0.000005,-0.000020,-0.000002,-0.000006,0.000006,
75, 5133, 2.083577, 0.000000, 0.075979, 0.000000, 0.561465,0.075979,0.000000,0.000016,0.000001,-0.000008,0.000005,0.000000,0.000008,
76, 5187, 2.079044, 0.000000, 0.075111, 0.000000, 0.565259,0.075111,0.000000,0.000037,0.000013,-0.000043,-0.000014,-0.000018,0.000001,
77, 5150, 2.091262, 0.000000, 0.075845, 0.000000, 0.562718,0.075845,0.000000,0.000031,0.000010,-0.000034,-0.000009,-0.000013,0.000002,
78, 5127, 2.106300, 0.000000, 0.076399, 0.000000, 0.564268,0.076399,0.000000,0.000038,0.000017,-0.000050,-0.000019,-0.000021,-0.000003,
79, 5140, 2.092996, 0.000000, 0.076770, 0.000000, 0.569650,0.076770,0.000000,0.000055,0.000029,-0.000080,-0.000035,-0.000036,-0.000010,
80, 5129, 2.081302, 0.000000, 0.076350, 0.000000, 0.572431,0.076350,0.000000,0.000056,0.000030,-0.000081,-0.000035,-0.000037,-0.000010,
81, 5062, 2.084749, 0.000000, 0.076590, 0.000000, 0.563019,0.076590,0.000000,0.000055,0.000031,-0.000081,-0.000036,-0.000037,-0.000012,
82, 5063, 2.089275, 0.000000, 0.076279, 0.000000, 0.566068,0.076279,0.000000,0.000068,0.000039,-0.000103,-0.000048,-0.000049,-0.000017,
83, 4995, 2.100300, 0.000000, 0.077177, 0.000000, 0.560761,0.077177,0.000000,0.000054,0.000027,-0.000076,-0.000032,-0.000035,-0.000008,
84, 5015, 2.095513, 0.000000, 0.077268, 0.000000, 0.555533,0.077268,0.000000,0.000056,0.000026,-0.000076,-0.000032,-0.000034,-0.000006,
85, 5088, 2.090998, 0.000000, 0.076730, 0.000000, 0.568396,0.076730,0.000000,0.000049,0.000022,-0.000066,-0.000027,-0.000030,-0.000005,
86, 5023, 2.091579, 0.000000, 0.076946, 0.000000, 0.558033,0.076946,0.000000,0.000037,0.000014,-0.000045,-0.000016,-0.000020,-0.000000,
87, 5075, 2.093005, 0.000000, 0.077025, 0.000000, 0.560591,0.077025,0.000000,0.000030,0.000006,-0.000029,-0.000006,-0.000011,0.000006,
88, 5016, 2.115032, 0.000000, 0.077970, 0.000000, 0.560207,0.077970,0.000000,0.000027,0.000007,-0.000027,-0.000007,-0.000011,0.000004,
89, 5062, 2.083959, 0.000000, 0.076333, 0.000000, 0.560450,0.076333,0.000000,0.000027,0.000010,-0.000032,-0.000010,-0.000013,0.000000,
90, 5073, 2.099941, 0.000000, 0.076227, 0.000000, 0.564360,0.076227,0.000000,0.000016,0.000001,-0.000012,0.000000,-0.000003,0.000006,
91, 5075, 2.091232, 0.000000, 0.076631, 0.000000, 0.561773,0.076631,0.000000,0.000029,0.000012,-0.000037,-0.000013,-0.000016,-0.000001,
92, 5117, 2.082275, 0.000000, 0.076314, 0.000000, 0.561462,0.076314,0.000000,0.000020,0.000008,-0.000024,-0.000008,-0.000010,-0.000000,
93, 5147, 2.081407, 0.000000, 0.076413, 0.000000, 0.562658,0.076413,0.000000,0.000038,0.000019,-0.000053,-0.000023,-0.000024,-0.000006,
94, 5216, 2.075345, 0.000000, 0.075364, 0.000000, 0.567868,0.075364,0.000000,0.000042,0.000024,-0.000063,-0.000029,-0.000029,-0.000010,
95, 5204, 2.089739, 0.000000, 0.075211, 0.000000, 0.570715,0.075211,0.000000,0.000021,0.000013,-0.000031,-0.000014,-0.000014,-0.000005,
96, 5114, 2.099922, 0.000000, 0.076183, 0.000000, 0.569417,0.076183,0.000000,0.000024,0.000013,-0.000034,-0.000014,-0.000015,-0.000004,
97, 5060, 2.093083, 0.000000, 0.076462, 0.000000, 0.563241,0.076462,0.000000,0.000030,0.000022,-0.000051,-0.000026,-0.000024,-0.000013,
98, 5059, 2.088160, 0.000000, 0.076319, 0.000000, 0.568689,0.076319,0.000000,0.000028,0.000016,-0.000041,-0.000019,-0.000019,-0.000006,
99, 5016, 2.093102, 0.000000, 0.076894, 0.000000, 0.563397,0.076894,0.000000,0.000033,0.000024,-0.000058,-0.000029,-0.000027,-0.000014,
100, 5022, 2.089805, 0.000000, 0.076842, 0.000000, 0.560932,0.076842,0.000000,0.000029,0.000022,-0.000051,-0.000026,-0.000024,-0.000013,
101, 5105, 2.079334, 0.000000, 0.076219, 0.000000, 0.566112,0.076219,0.000000,0.000041,0.000031,-0.000073,-0.000038,-0.000035,-0.000019,
102, 5095, 2.071050, 0.000000, 0.075427, 0.000000, 0.552110,0.075427,0.000000,0.000021,0.000016,-0.000036,-0.000018,-0.000017,-0.000009,
103, 5167, 2.092897, 0.000000, 0.075653, 0.000000, 0.557383,0.075653,0.000000,0.000046,0.000036,-0.000084,-0.000044,-0.000041,-0.000022,
104, 5227, 2.090874, 0.000000, 0.075167, 0.000000, 0.564186,0.075167,0.000000,0.000034,0.000022,-0.000056,-0.000028,-0.000027,-0.000012,
105, 5207, 2.104667, 0.000000, 0.076051, 0.000000, 0.561744,0.076051,0.000000,0.000035,0.000021,-0.000055,-0.000026,-0.000026,-0.000010,
106, 5206, 2.099885, 0.000000, 0.075912, 0.000000, 0.564733,0.075912,0.000000,0.000036,0.000018,-0.000051,-0.000023,-0.000024,-0.000006,
107, 5239, 2.075014, 0.000000, 0.074594, 0.000000, 0.567284,0.074594,0.000000,0.000022,0.000011,-0.000031,-0.000013,-0.000014,-0.000003,
108, 5253, 2.075005, 0.000000, 0.074643, 0.000000, 0.569389,0.074643,0.000000,0.000024,0.000015,-0.000038,-0.000018,-0.000018,-0.000007,
109, 5232, 2.092699, 0.000000, 0.075631, 0.000000, 0.574541,0.075631,0.000000,0.000017,0.000007,-0.000023,-0.000009,-0.000010,-0.000001,
110, 5142, 2.092765, 0.000000, 0.076002, 0.000000, 0.565344,0.076002,0.000000,0.000030,0.000016,-0.000045,-0.000020,-0.000021,-0.000007,
111, 5106, 2.088523, 0.000000, 0.076048, 0.000000, 0.562280,0.076048,0.000000,0.000009,0.000003,-0.000009,-0.000002,-0.000003,0.000001,
112, 5130, 2.079337, 0.000000, 0.075828, 0.000000, 0.563548,0.075828,0.000000,0.000003,-0.000004,0.000004,0.000006,0.000004,0.000006,
113, 5148, 2.088578, 0.000000, 0.075738, 0.000000, 0.566045,0.075738,0.000000,0.000014,0.000001,-0.000011,-0.000001,-0.000003,0.000004,
114, 5192, 2.089753, 0.000000, 0.075308, 0.000000, 0.578968,0.075308,0.000000,0.000022,0.000008,-0.000027,-0.000009,-0.000011,0.000000,
115, 5080, 2.085039, 0.000000, 0.076181, 0.000000, 0.570276,0.076181,0.000000,0.000025,0.000010,-0.000032,-0.000012,-0.000014,-0.000001,
116, 5016, 2.084330, 0.000000, 0.076954, 0.000000, 0.563995,0.076954,0.000000,0.000037,0.000017,-0.000051,-0.000022,-0.000024,-0.000005,
117, 4958, 2.096813, 0.000000, 0.078035, 0.000000, 0.557685,0.078035,0.000000,0.000037,0.000017,-0.000052,-0.000023,-0.000024,-0.000005,
118, 5004, 2.093325, 0.000000, 0.077638, 0.000000, 0.555556,0.077638,0.000000,0.000023,0.000006,-0.000025,-0.000007,-0.000010,0.000002,
119, 5096, 2.090071, 0.000000, 0.077002, 0.000000, 0.568681,0.077002,0.000000,0.000015,0.000001,-0.000012,-0.000001,-0.000004,0.000004,
120, 5141, 2.071581, 0.000000, 0.075550, 0.000000, 0.569344,0.075550,0.000000,0.000027,0.000005,-0.000027,-0.000007,-0.000011,0.000004,
121, 5158, 2.069988, 0.000000, 0.075436, 0.000000, 0.566499,0.075436,0.000000,0.000022,0.000002,-0.000020,-0.000003,-0.000007,0.000006,
122, 5120, 2.088086, 0.000000, 0.075898, 0.000000, 0.567578,0.075898,0.000000,0.000015,-0.000004,-0.000005,0.000006,0.000001,0.000011,
123, 5078, 2.087239, 0.000000, 0.075719, 0.000000, 0.557306,0.075719,0.000000,0.000032,0.000010,-0.000038,-0.000013,-0.000016,0.000001,
124, 5196, 2.083333, 0.000000, 0.075231, 0.000000, 0.565435,0.075231,0.000000,0.000041,0.000014,-0.000050,-0.000019,-0.000022,-0.000000,
125, 5163, 2.088321, 0.000000, 0.075383, 0.000000, 0.567500,0.075383,0.000000,0.000027,0.000012,-0.000037,-0.000015,-0.000016,-0.000003,
126, 5308, 2.051243, 0.000000, 0.072815, 0.000000, 0.575546,0.072815,0.000000,0.000034,0.000014,-0.000045,-0.000018,-0.000020,-0.000003,
127, 5141, 2.100370, 0.000000, 0.076328, 0.000000, 0.564287,0.076328,0.000000,0.000043,0.000023,-0.000065,-0.000030,-0.000030,-0.000010,
128, 5165, 2.088287, 0.000000, 0.075605, 0.000000, 0.568635,0.075605,0.000000,0.000035,0.000012,-0.000043,-0.000016,-0.000019,0.000001,
129, 5157, 2.074462, 0.000000, 0.075257, 0.000000, 0.565833,0.075257,0.000000,0.000041,0.000017,-0.000054,-0.000022,-0.000024,-0.000003,
130, 5138, 2.091475, 0.000000, 0.076236, 0.000000, 0.569872,0.076236,0.000000,0.000043,0.000020,-0.000059,-0.000025,-0.000026,-0.000006,
131, 5016, 2.108852, 0.000000, 0.077951, 0.000000, 0.557616,0.077951,0.000000,0.000044,0.000019,-0.000059,-0.000024,-0.000026,-0.000005,
132, 5096, 2.090463, 0.000000, 0.076786, 0.000000, 0.567308,0.076786,0.000000,0.000046,0.000025,-0.000069,-0.000032,-0.000032,-0.000011,
133, 5027, 2.094490, 0.000000, 0.076925, 0.000000, 0.561369,0.076925,0.000000,0.000041,0.000020,-0.000058,-0.000025,-0.000026,-0.000006,
134, 4980, 2.102610, 0.000000, 0.077610, 0.000000, 0.551606,0.077610,0.000000,0.000013,0.000003,-0.000012,-0.000002,-0.000003,0.000002,
135, 5142, 2.085959, 0.000000, 0.075904, 0.000000, 0.566706,0.075904,0.000000,0.000039,0.000016,-0.000051,-0.000020,-0.000022,-0.000002,
136, 5089, 2.090981, 0.000000, 0.076105, 0.000000, 0.563765,0.076105,0.000000,0.000006,-0.000001,-0.000002,0.000003,0.000001,0.000004,
137, 5213, 2.068099, 0.000000, 0.074602, 0.000000, 0.565701,0.074602,0.000000,0.000009,-0.000002,-0.000003,0.000003,0.000001,0.000006,
138, 5121, 2.096661, 0.000000, 0.076489, 0.000000, 0.558485,0.076489,0.000000,-0.000003,-0.000007,0.000013,0.000011,0.000009,0.000007,
139, 5226, 2.076349, 0.000000, 0.074723, 0.000000, 0.564677,0.074723,0.000000,-0.000000,-0.000003,0.000006,0.000006,0.000005,0.000004,
140, 5167, 2.095413, 0.000000, 0.075982, 0.000000, 0.560674,0.075982,0.000000,-0.000003,-0.000008,0.000014,0.000011,0.000009,0.000008,
141, 5242, 2.098436, 0.000000, 0.075925, 0.000000, 0.577261,0.075925,0.000000,0.000002,-0.000001,0.000002,0.000004,0.000003,0.000003,
142, 5206, 2.072224, 0.000000, 0.074433, 0.000000, 0.576066,0.074433,0.000000,0.000006,-0.000001,-0.000002,0.000003,0.000001,0.000004,
143, 5135, 2.080623, 0.000000, 0.075365, 0.000000, 0.569231,0.075365,0.000000,0.000009,-0.000002,-0.000002,0.000005,0.000002,0.000006,
144, 5068, 2.078335, 0.000000, 0.075770, 0.000000, 0.557222,0.075770,0.000000,0.000024,0.000006,-0.000026,-0.000007,-0.000010,0.000003,
145, 5128, 2.083658, 0.000000, 0.075644, 0.000000, 0.557722,0.075644,0.000000,0.000023,0.000007,-0.000025,-0.000008,-0.000010,0.000002,
146, 5225, 2.081148, 0.000000, 0.075100, 0.000000, 0.570526,0.075100,0.000000,0.000013,-0.000002,-0.000006,0.000003,-0.000000,0.000008,
147, 5119, 2.111350, 0.000000, 0.077066, 0.000000, 0.565540,0.077066,0.000000,0.000025,0.000007,-0.000027,-0.000008,-0.000011,0.000002,
148, 5218, 2.072633, 0.000000, 0.074626, 0.000000, 0.576658,0.074626,0.000000,0.000011,-0.000002,-0.000004,0.000004,0.000001,0.000007,
149, 5088, 2.086085, 0.000000, 0.076140, 0.000000, 0.563483,0.076140,0.000000,0.000031,0.000010,-0.000036,-0.000012,-0.000015,0.000001,
150, 5079, 2.077968, 0.000000, 0.075940, 0.000000, 0.557393,0.075940,0.000000,0.000024,0.000007,-0.000026,-0.000008,-0.000010,0.000002,
151, 5213, 2.077115, 0.000000, 0.075216, 0.000000, 0.569346,0.075216,0.000000,0.000011,0.000001,-0.000008,0.000000,-0.000002,0.000004,
152, 5196, 2.082371, 0.000000, 0.075212, 0.000000, 0.566012,0.075212,0.000000,0.000005,-0.000005,0.000004,0.000007,0.000004,0.000008,
153, 5195, 2.089317, 0.000000, 0.075765, 0.000000, 0.564966,0.075765,0.000000,0.000005,-0.000001,-0.000000,0.000004,0.000002,0.000004,
154, 5161, 2.084867, 0.000000, 0.075489, 0.000000, 0.561907,0.075489,0.000000,0.000011,-0.000002,-0.000004,0.000004,0.000001,0.000008,
155, 5155, 2.094859, 0.000000, 0.075694, 0.000000, 0.559263,0.075694,0.000000,-0.000010,-0.000013,0.000028,0.000020,0.000017,0.000012,
156, 5222, 2.090004, 0.000000, 0.074990, 0.000000, 0.566641,0.074990,0.000000,-0.000025,-0.000023,0.000053,0.000033,0.000029,0.000018,
157, 5310, 2.072505, 0.000000, 0.074181, 0.000000, 0.574200,0.074181,0.000000,-0.000030,-0.000027,0.000062,0.000037,0.000033,0.000019,
158, 5214, 2.077100, 0.000000, 0.074684, 0.000000, 0.563291,0.074684,0.000000,-0.000024,-0.000022,0.000052,0.000032,0.000029,0.000017,
159, 5320, 2.066353, 0.000000, 0.073515, 0.000000, 0.574436,0.073515,0.000000,-0.000039,-0.000034,0.000080,0.000047,0.000042,0.000025,
160, 5197, 2.090822, 0.000000, 0.075698, 0.000000, 0.566865,0.075698,0.000000,-0.000030,-0.000029,0.000065,0.000040,0.000035,0.000022,
161, 5224, 2.090352, 0.000000, 0.076072, 0.000000, 0.573124,0.076072,0.000000,-0.000029,-0.000025,0.000060,0.000036,0.000032,0.000019,
162, 5148, 2.086636, 0.000000, 0.076437, 0.000000, 0.573815,0.076437,0.000000,-0.000006,-0.000012,0.000023,0.000018,0.000015,0.000012,
163, 5059, 2.087962, 0.000000, 0.076517, 0.000000, 0.560980,0.076517,0.000000,-0.000007,-0.000011,0.000022,0.000017,0.000014,0.000011,
164, 5071, 2.086373, 0.000000, 0.076790, 0.000000, 0.560047,0.076790,0.000000,0.000005,-0.000006,0.000007,0.000011,0.000007,0.000010,
165, 5169, 2.077191, 0.000000, 0.075817, 0.000000, 0.569356,0.075817,0.000000,0.000002,-0.000007,0.000010,0.000012,0.000008,0.000010,
166, 5193, 2.067976, 0.000000, 0.075178, 0.000000, 0.563836,0.075178,0.000000,0.000013,0.000005,-0.000014,-0.000003,-0.000004,0.000001,
167, 5178, 2.095211, 0.000000, 0.076207, 0.000000, 0.563538,0.076207,0.000000,0.000013,0.000004,-0.000013,-0.000002,-0.000004,0.000002,
168, 5102, 2.098981, 0.000000, 0.076166, 0.000000, 0.558604,0.076166,0.000000,0.000012,0.000005,-0.000014,-0.000003,-0.000004,-0.000000,
169, 5191, 2.087844, 0.000000, 0.075573, 0.000000, 0.565787,0.075573,0.000000,0.000017,0.000009,-0.000023,-0.000009,-0.000009,-0.000003,
170, 5103, 2.111699, 0.000000, 0.077288, 0.000000, 0.564570,0.077288,0.000000,0.000018,0.000012,-0.000028,-0.000012,-0.000012,-0.000005,
171, 5068, 2.104775, 0.000000, 0.077466, 0.000000, 0.566890,0.077466,0.000000,0.000028,0.000014,-0.000037,-0.000014,-0.000015,-0.000003,
172, 5081, 2.080496, 0.000000, 0.076146, 0.000000, 0.567408,0.076146,0.000000,0.000047,0.000026,-0.000069,-0.000031,-0.000032,-0.000010,
173, 4999, 2.101820, 0.000000, 0.077355, 0.000000, 0.566313,0.077355,0.000000,0.000032,0.000018,-0.000047,-0.000020,-0.000021,-0.000007,
174, 4932, 2.103001, 0.000000, 0.077960, 0.000000, 0.556164,0.077960,0.000000,0.000034,0.000018,-0.000049,-0.000021,-0.000021,-0.000007,
175, 5024, 2.086982, 0.000000, 0.076771, 0.000000, 0.559912,0.076771,0.000000,0.000061,0.000030,-0.000087,-0.000038,-0.000040,-0.000010,
176, 5081, 2.077741, 0.000000, 0.076343, 0.000000, 0.565046,0.076343,0.000000,0.000017,0.000006,-0.000019,-0.000005,-0.000007,0.000001,
177, 5050, 2.087921, 0.000000, 0.076713, 0.000000, 0.559010,0.076713,0.000000,0.000020,0.000007,-0.000023,-0.000007,-0.000009,0.000001,
178, 5046, 2.110781, 0.000000, 0.078141, 0.000000, 0.559057,0.078141,0.000000,0.000022,0.000009,-0.000027,-0.000010,-0.000011,-0.000001,
179, 5098, 2.094155, 0.000000, 0.076716, 0.000000, 0.570027,0.076716,0.000000,0.000025,0.000010,-0.000033,-0.000013,-0.000015,-0.000002,
180, 5030, 2.090656, 0.000000, 0.077117, 0.000000, 0.560239,0.077117,0.000000,0.000015,0.000004,-0.000015,-0.000004,-0.000005,0.000002,
181, 5066, 2.087643, 0.000000, 0.076767, 0.000000, 0.562969,0.076767,0.000000,0.000013,0.000002,-0.000011,-0.000001,-0.000003,0.000004,
182, 5117, 2.082666, 0.000000, 0.075845, 0.000000, 0.562830,0.075845,0.000000,0.000021,0.000005,-0.000021,-0.000006,-0.000008,0.000003,
183, 5137, 2.077088, 0.000000, 0.075238, 0.000000, 0.559471,0.075238,0.000000,0.000018,0.000005,-0.000019,-0.000005,-0.000007,0.000002,
184, 5187, 2.088105, 0.000000, 0.075593, 0.000000, 0.563910,0.075593,0.000000,0.000031,0.000013,-0.000040,-0.000016,-0.000017,-0.000002,
185, 5142, 2.096461, 0.000000, 0.076021, 0.000000, 0.554842,0.076021,0.000000,0.000015,0.000005,-0.000017,-0.000005,-0.000007,0.000001,
186, 5196, 2.103734, 0.000000, 0.076116, 0.000000, 0.562163,0.076116,0.000000,0.000014,0.000003,-0.000014,-0.000002,-0.000005,0.000003,
187, 5298, 2.070970, 0.000000, 0.073839, 0.000000, 0.575500,0.073839,0.000000,0.000023,0.000008,-0.000028,-0.000010,-0.000012,0.000000,
188, 5077, 2.116210, 0.000000, 0.077428, 0.000000, 0.553673,0.077428,0.000000,0.000024,0.000011,-0.000032,-0.000013,-0.000014,-0.000002,
189, 5246, 2.080633, 0.000000, 0.075124, 0.000000, 0.570530,0.075124,0.000000,0.000018,0.000005,-0.000020,-0.000006,-0.000008,0.000002,
190, 5179, 2.085538, 0.000000, 0.075787, 0.000000, 0.569801,0.075787,0.000000,0.000019,0.000008,-0.000024,-0.000009,-0.000010,-0.000001,
191, 5136, 2.084502, 0.000000, 0.075409, 0.000000, 0.564252,0.075409,0.000000,0.000003,-0.000001,0.000000,0.000003,0.000002,0.000003,
192, 5176, 2.092736, 0.000000, 0.075290, 0.000000, 0.571097,0.075290,0.000000,0.000011,0.000004,-0.000013,-0.000004,-0.000005,-0.000000,
193, 5163, 2.073794, 0.000000, 0.074608, 0.000000, 0.568081,0.074608,0.000000,0.000018,0.000007,-0.000022,-0.000008,-0.000010,-0.000000,
194, 5105, 2.082468, 0.000000, 0.075593, 0.000000, 0.559452,0.075593,0.000000,0.000010,0.000002,-0.000010,-0.000002,-0.000003,0.000002,
195, 5171, 2.081996, 0.000000, 0.075575, 0.000000, 0.563334,0.075575,0.000000,0.000026,0.000008,-0.000030,-0.000011,-0.000013,0.000001,
196, 5150, 2.099223, 0.000000, 0.076621, 0.000000, 0.565243,0.076621,0.000000,0.000016,0.000000,-0.000012,-0.000001,-0.000004,0.000006,
197, 5143, 2.096636, 0.000000, 0.076240, 0.000000, 0.566206,0.076240,0.000000,0.000028,0.000008,-0.000032,-0.000011,-0.000014,0.000002,
198, 5140, 2.086187, 0.000000, 0.075759, 0.000000, 0.563619,0.075759,0.000000,0.000020,0.000004,-0.000021,-0.000006,-0.000008,0.000003,
199, 5118, 2.088316, 0.000000, 0.075381, 0.000000, 0.560375,0.075381,0.000000,0.000018,0.000005,-0.000021,-0.000006,-0.000009,0.000001,
200, 5204, 2.074558, 0.000000, 0.075135, 0.000000, 0.569178,0.075135,0.000000,0.000018,0.000006,-0.000022,-0.000007,-0.000009,0.000001,
201, 5157, 2.095598, 0.000000, 0.076517, 0.000000, 0.563506,0.076517,0.000000,0.000022,0.000006,-0.000024,-0.000007,-0.000010,0.000003,
202, 5131, 2.100175, 0.000000, 0.076671, 0.000000, 0.562074,0.076671,0.000000,0.000035,0.000015,-0.000046,-0.000019,-0.000021,-0.000003,
203, 5211, 2.072347, 0.000000, 0.074458, 0.000000, 0.564767,0.074458,0.000000,0.000027,0.000008,-0.000030,-0.000009,-0.000013,0.000003,
204, 5167, 2.083801, 0.000000, 0.075614, 0.000000, 0.552158,0.075614,0.000000,0.000035,0.000014,-0.000045,-0.000018,-0.000020,-0.000002,
205, 5383, 2.070407, 0.000000, 0.073584, 0.000000, 0.574401,0.073584,0.000000,0.000032,0.000009,-0.000035,-0.000011,-0.000015,0.000003,
206, 5338, 2.079243, 0.000000, 0.074035, 0.000000, 0.568378,0.074035,0.000000,0.000046,0.000019,-0.000061,-0.000026,-0.000028,-0.000004,
207, 5291, 2.091854, 0.000000, 0.074561, 0.000000, 0.572104,0.074561,0.000000,0.000044,0.000014,-0.000052,-0.000019,-0.000023,0.000001,
208, 5168, 2.103135, 0.000000, 0.075677, 0.000000, 0.567144,0.075677,0.000000,0.000039,0.000011,-0.000043,-0.000014,-0.000018,0.000004,
209, 5188, 2.079800, 0.000000, 0.074904, 0.000000, 0.563608,0.074904,0.000000,0.000025,0.000000,-0.000017,0.000001,-0.000005,0.000011,
210, 5036, 2.125099, 0.000000, 0.077462, 0.000000, 0.559770,0.077462,0.000000,0.000038,0.000009,-0.000040,-0.000011,-0.000016,0.000006,
211, 5290, 2.047826, 0.000000, 0.073327, 0.000000, 0.579962,0.073327,0.000000,0.000038,0.000007,-0.000037,-0.000008,-0.000014,0.000008,
212, 5040, 2.108135, 0.000000, 0.077460, 0.000000, 0.553968,0.077460,0.000000,0.000041,0.000005,-0.000037,-0.000006,-0.000014,0.000012,
213, 5131, 2.092380, 0.000000, 0.076223, 0.000000, 0.562658,0.076223,0.000000,0.000036,0.000002,-0.000027,-0.000001,-0.000009,0.000013,
214, 5212, 2.063124, 0.000000, 0.074271, 0.000000, 0.564850,0.074271,0.000000,0.000030,-0.000002,-0.000018,0.000003,-0.000005,0.000015,
215, 5117, 2.105531, 0.000000, 0.076686, 0.000000, 0.556967,0.076686,0.000000,0.000036,0.000002,-0.000029,-0.000003,-0.000010,0.000013,
216, 5139, 2.113835, 0.000000, 0.077369, 0.000000, 0.563339,0.077369,0.000000,0.000031,0.000001,-0.000023,-0.000001,-0.000008,0.000012,
217, 5245, 2.074547, 0.000000, 0.074357, 0.000000, 0.573117,0.074357,0.000000,0.000010,-0.000014,0.000014,0.000019,0.000011,0.000021,
218, 5172, 2.079466, 0.000000, 0.075155, 0.000000, 0.562065,0.075155,0.000000,0.000002,-0.000023,0.000032,0.000030,0.000021,0.000028,
219, 5167, 2.083801, 0.000000, 0.075634, 0.000000, 0.558932,0.075634,0.000000,0.000007,-0.000014,0.000016,0.000020,0.000012,0.000021,
220, 5242, 2.084128, 0.000000, 0.075277, 0.000000, 0.563335,0.075277,0.000000,0.000014,-0.000013,0.000010,0.000018,0.000009,0.000022,
221, 5262, 2.089320, 0.000000, 0.074857, 0.000000, 0.569555,0.074857,0.000000,0.000018,-0.000008,0.000000,0.000012,0.000004,0.000018,
222, 5316, 2.076938, 0.000000, 0.074172, 0.000000, 0.572987,0.074172,0.000000,0.000018,-0.000007,-0.000002,0.000010,0.000003,0.000017,
223, 5240, 2.076908, 0.000000, 0.074275, 0.000000, 0.569466,0.074275,0.000000,0.000028,0.000001,-0.000020,-0.000000,-0.000007,0.000011,
224, 5256, 2.074391, 0.000000, 0.074372, 0.000000, 0.575533,0.074372,0.000000,0.000029,0.000001,-0.000022,-0.000000,-0.000007,0.000012,
225, 5152, 2.086568, 0.000000, 0.075757, 0.000000, 0.565411,0.075757,0.000000,0.000024,-0.000007,-0.000006,0.000010,0.000001,0.000019,
226, 5094, 2.111307, 0.000000, 0.077366, 0.000000, 0.564782,0.077366,0.000000,0.000036,0.000001,-0.000026,-0.000001,-0.000009,0.000015,
227, 5054, 2.089434, 0.000000, 0.076850, 0.000000, 0.566482,0.076850,0.000000,0.000033,-0.000001,-0.000022,0.000002,-0.000007,0.000016,
228, 5058, 2.087584, 0.000000, 0.076888, 0.000000, 0.565243,0.076888,0.000000,0.000021,-0.000007,-0.000004,0.000010,0.000002,0.000018,
229, 5060, 2.090909, 0.000000, 0.076798, 0.000000, 0.563636,0.076798,0.000000,0.000023,-0.000008,-0.000004,0.000012,0.000003,0.000020,
230, 5069, 2.088972, 0.000000, 0.076544, 0.000000, 0.565200,0.076544,0.000000,0.000042,0.000007,-0.000039,-0.000007,-0.000015,0.000010,
231, 4960, 2.096774, 0.000000, 0.077440, 0.000000, 0.553427,0.077440,0.000000,0.000020,-0.000012,0.000004,0.000017,0.000007,0.000023,
232, 4995, 2.113714, 0.000000, 0.078178, 0.000000, 0.555155,0.078178,0.000000,0.000029,-0.000004,-0.000015,0.000006,-0.000003,0.000017,
233, 5093, 2.094247, 0.000000, 0.077086, 0.000000, 0.557628,0.077086,0.000000,0.000012,-0.000019,0.000019,0.000025,0.000015,0.000028,
234, 5135, 2.087050, 0.000000, 0.076008, 0.000000, 0.563973,0.076008,0.000000,0.000008,-0.000021,0.000026,0.000028,0.000017,0.000029,
235, 5091, 2.090748, 0.000000, 0.075899, 0.000000, 0.557847,0.075899,0.000000,0.000021,-0.000011,0.000001,0.000014,0.000005,0.000022,
236, 5177, 2.094843, 0.000000, 0.075584, 0.000000, 0.564033,0.075584,0.000000,0.000035,-0.000001,-0.000023,0.000002,-0.000007,0.000017,
237, 5185, 2.096432, 0.000000, 0.075583, 0.000000, 0.568756,0.075583,0.000000,0.000028,-0.000005,-0.000013,0.000006,-0.000002,0.000018,
238, 5248, 2.058117, 0.000000, 0.074123, 0.000000, 0.570503,0.074123,0.000000,0.000016,-0.000009,0.000002,0.000012,0.000004,0.000018,
239, 5184, 2.079282, 0.000000, 0.075502, 0.000000, 0.561535,0.075502,0.000000,0.000011,-0.000013,0.000012,0.000018,0.000010,0.000021,
240, 5199, 2.093287, 0.000000, 0.075957, 0.000000, 0.562608,0.075957,0.000000,0.000026,-0.000003,-0.000013,0.000005,-0.000003,0.000015,
241, 5236, 2.087471, 0.000000, 0.075401, 0.000000, 0.565890,0.075401,0.000000,0.000018,-0.000005,-0.000005,0.000007,0.000001,0.000015,
242, 5206, 2.091625, 0.000000, 0.075298, 0.000000, 0.562812,0.075298,0.000000,0.000014,-0.000007,0.000000,0.000010,0.000003,0.000015,
243, 5238, 2.083429, 0.000000, 0.074494, 0.000000, 0.570065,0.074494,0.000000,0.000010,-0.000008,0.000005,0.000012,0.000006,0.000015,
244, 5207, 2.088343, 0.000000, 0.075110, 0.000000, 0.568273,0.075110,0.000000,-0.000001,-0.000016,0.000025,0.000022,0.000015,0.000019,
245, 5159, 2.094592, 0.000000, 0.076178, 0.000000, 0.566001,0.076178,0.000000,0.000010,-0.000009,0.000007,0.000012,0.000006,0.000016,
246, 5106, 2.097924, 0.000000, 0.076185, 0.000000, 0.561888,0.076185,0.000000,-0.000002,-0.000016,0.000025,0.000022,0.000015,0.000019,
247, 5159, 2.075208, 0.000000, 0.074918, 0.000000, 0.561737,0.074918,0.000000,-0.000021,-0.000026,0.000055,0.000036,0.000030,0.000023,
248, 5186, 2.088315, 0.000000, 0.075395, 0.000000, 0.567489,0.075395,0.000000,-0.000006,-0.000016,0.000029,0.000023,0.000017,0.000017,
249, 5219, 2.079709, 0.000000, 0.074995, 0.000000, 0.564859,0.074995,0.000000,-0.000007,-0.000017,0.000031,0.000024,0.000018,0.000018,
250, 5297, 2.068907, 0.000000, 0.073683, 0.000000, 0.574854,0.073683,0.000000,0.000001,-0.000012,0.000017,0.000017,0.000011,0.000015,
251, 5184, 2.085262, 0.000000, 0.075154, 0.000000, 0.567515,0.075154,0.000000,-0.000006,-0.000015,0.000028,0.000022,0.000017,0.000016,
252, 5240, 2.070229, 0.000000, 0.074389, 0.000000, 0.574046,0.074389,0.000000,-0.000007,-0.000017,0.000032,0.000025,0.000019,0.000019,
253, 5170, 2.094778, 0.000000, 0.075977, 0.000000, 0.576789,0.075977,0.000000,0.000005,-0.000007,0.000008,0.000011,0.000007,0.000012,
254, 5168, 2.062693, 0.000000, 0.075019, 0.000000, 0.573723,0.075019,0.000000,0.000007,-0.000004,0.000003,0.000008,0.000004,0.000010,
255, 5056, 2.084454, 0.000000, 0.076919, 0.000000, 0.564478,0.076919,0.000000,-0.000007,-0.000013,0.000027,0.000021,0.000016,0.000014,
256, 4959, 2.102037, 0.000000, 0.078463, 0.000000, 0.551926,0.078463,0.000000,0.000002,-0.000009,0.000013,0.000014,0.000009,0.000012,
257, 5123, 2.082764, 0.000000, 0.076010, 0.000000, 0.567051,0.076010,0.000000,-0.000004,-0.000012,0.000022,0.000018,0.000014,0.000014,
258, 5131, 2.088482, 0.000000, 0.075931, 0.000000, 0.566166,0.075931,0.000000,-0.000008,-0.000012,0.000026,0.000020,0.000016,0.000013,
259, 5114, 2.083105, 0.000000, 0.075518, 0.000000, 0.567071,0.075518,0.000000,-0.000023,-0.000023,0.000052,0.000033,0.000028,0.000019,
260, 5096, 2.086538, 0.000000, 0.076119, 0.000000, 0.571036,0.076119,0.000000,-0.000008,-0.000014,0.000028,0.000020,0.000016,0.000014,
261, 4984, 2.104133, 0.000000, 0.077689, 0.000000, 0.558788,0.077689,0.000000,-0.000027,-0.000023,0.000055,0.000033,0.000030,0.000018,
262, 4993, 2.109153, 0.000000, 0.078850, 0.000000, 0.561787,0.078850,0.000000,-0.000007,-0.000011,0.000023,0.000017,0.000013,0.000011,
263, 5045, 2.074727, 0.000000, 0.076690, 0.000000, 0.565114,0.076690,0.000000,-0.000022,-0.000023,0.000051,0.000032,0.000027,0.000019,
264, 4969, 2.096398, 0.000000, 0.078285, 0.000000, 0.557657,0.078285,0.000000,-0.000023,-0.000022,0.000050,0.000031,0.000027,0.000017,
265, 4987, 2.110487, 0.000000, 0.078564, 0.000000, 0.560457,0.078564,0.000000,-0.000030,-0.000028,0.000065,0.000039,0.000034,0.000022,
266, 5046, 2.092747, 0.000000, 0.077348, 0.000000, 0.564209,0.077348,0.000000,-0.000034,-0.000029,0.000068,0.000040,0.000036,0.000021,
267, 5109, 2.067332, 0.000000, 0.075533, 0.000000, 0.569192,0.075533,0.000000,-0.000034,-0.000030,0.000070,0.000041,0.000037,0.000022,
268, 5044, 2.082871, 0.000000, 0.076388, 0.000000, 0.558684,0.076388,0.000000,-0.000050,-0.000038,0.000093,0.000052,0.000048,0.000025,
269, 5137, 2.083122, 0.000000, 0.075277, 0.000000, 0.564142,0.075277,0.000000,-0.000051,-0.000037,0.000093,0.000052,0.000048,0.000024,
270, 5095, 2.101276, 0.000000, 0.076820, 0.000000, 0.560942,0.076820,0.000000,-0.000076,-0.000051,0.000132,0.000071,0.000067,0.000031,
271, 5187, 2.071911, 0.000000, 0.074532, 0.000000, 0.569115,0.074532,0.000000,-0.000057,-0.000040,0.000102,0.000056,0.000052,0.000025,
272, 5190, 2.078035, 0.000000, 0.074855, 0.000000, 0.566859,0.074855,0.000000,-0.000067,-0.000047,0.000120,0.000065,0.000061,0.000029,
273, 5200, 2.080577, 0.000000, 0.075019, 0.000000, 0.570192,0.075019,0.000000,-0.000071,-0.000050,0.000127,0.000070,0.000066,0.000031,
274, 5239, 2.070815, 0.000000, 0.074633, 0.000000, 0.574728,0.074633,0.000000,-0.000072,-0.000046,0.000123,0.000065,0.000062,0.000027,
275, 5048, 2.101030, 0.000000, 0.076941, 0.000000, 0.560618,0.076941,0.000000,-0.000062,-0.000038,0.000104,0.000055,0.000053,0.000022,
276, 5186, 2.076745, 0.000000, 0.074913, 0.000000, 0.571346,0.074913,0.000000,-0.000045,-0.000027,0.000075,0.000040,0.000038,0.000015,
277, 5102, 2.084085, 0.000000, 0.075735, 0.000000, 0.568013,0.075735,0.000000,-0.000041,-0.000025,0.000070,0.000038,0.000036,0.000015,
278, 5103, 2.086224, 0.000000, 0.076249, 0.000000, 0.572996,0.076249,0.000000,-0.000018,-0.000012,0.000033,0.000020,0.000018,0.000008,
279, 5056, 2.081883, 0.000000, 0.076127, 0.000000, 0.565269,0.076127,0.000000,-0.000013,-0.000007,0.000024,0.000014,0.000013,0.000005,
280, 5084, 2.084972, 0.000000, 0.076062, 0.000000, 0.571400,0.076062,0.000000,-0.000018,-0.000007,0.000026,0.000014,0.000014,0.000003,
281, 5019, 2.075712, 0.000000, 0.076469, 0.000000, 0.557282,0.076469,0.000000,-0.000006,0.000001,0.000007,0.000005,0.000005,-0.000001,
282, 4958, 2.110327, 0.000000, 0.078540, 0.000000, 0.552037,0.078540,0.000000,-0.000008,-0.000001,0.000012,0.000007,0.000007,-0.000000,
283, 5116, 2.089523, 0.000000, 0.076114, 0.000000, 0.567045,0.076114,0.000000,-0.000007,-0.000001,0.000011,0.000007,0.000007,0.000001,
284, 5171, 2.075421, 0.000000, 0.074995, 0.000000, 0.570489,0.074995,0.000000,0.000001,0.000007,-0.000005,-0.000002,-0.000001,-0.000005,
285, 5139, 2.082312, 0.000000, 0.075910, 0.000000, 0.568982,0.075910,0.000000,-0.000020,-0.000007,0.000029,0.000016,0.000016,0.000003,
286, 5023, 2.092773, 0.000000, 0.076568, 0.000000, 0.552857,0.076568,0.000000,0.000006,0.000012,-0.000017,-0.000009,-0.000007,-0.000008,
287, 5123, 2.090572, 0.000000, 0.075444, 0.000000, 0.564123,0.075444,0.000000,-0.000008,-0.000003,0.000016,0.000011,0.000010,0.000003,
288, 5206, 2.078755, 0.000000, 0.074952, 0.000000, 0.569919,0.074952,0.000000,-0.000002,0.000002,0.000003,0.000003,0.000003,-0.000001,
289, 5139, 2.091847, 0.000000, 0.076532, 0.000000, 0.565480,0.076532,0.000000,-0.000006,0.000001,0.000007,0.000004,0.000005,-0.000001,
290, 5107, 2.092618, 0.000000, 0.076699, 0.000000, 0.561778,0.076699,0.000000,-0.000025,-0.000014,0.000044,0.000025,0.000024,0.000009,
291, 5076, 2.092593, 0.000000, 0.076694, 0.000000, 0.551024,0.076694,0.000000,-0.000007,-0.000003,0.000015,0.000011,0.000010,0.000004,
292, 5238, 2.083047, 0.000000, 0.074800, 0.000000, 0.568347,0.074800,0.000000,-0.000003,0.000001,0.000005,0.000005,0.000004,0.000000,
293, 5221, 2.085233, 0.000000, 0.075350, 0.000000, 0.568090,0.075350,0.000000,-0.000012,-0.000003,0.000018,0.000011,0.000011,0.000002,
294, 5209, 2.090612, 0.000000, 0.075312, 0.000000, 0.568055,0.075312,0.000000,-0.000003,-0.000000,0.000007,0.000006,0.000006,0.000002,
295, 5177, 2.089241, 0.000000, 0.075410, 0.000000, 0.567124,0.075410,0.000000,-0.000025,-0.000015,0.000045,0.000026,0.000024,0.000010,
296, 5169, 2.076417, 0.000000, 0.075044, 0.000000, 0.564906,0.075044,0.000000,-0.000038,-0.000024,0.000067,0.000037,0.000035,0.000014,
297, 5122, 2.096642, 0.000000, 0.076337, 0.000000, 0.559547,0.076337,0.000000,-0.000052,-0.000035,0.000093,0.000052,0.000048,0.000022,
298, 5086, 2.112269, 0.000000, 0.077094, 0.000000, 0.557806,0.077094,0.000000,-0.000057,-0.000034,0.000095,0.000050,0.000049,0.000019,
299, 5194, 2.084713, 0.000000, 0.075125, 0.000000, 0.568348,0.075125,0.000000,-0.000049,-0.000031,0.000084,0.000046,0.000044,0.000018,
300, 5098, 2.097685, 0.000000, 0.076285, 0.000000, 0.561200,0.076285,0.000000,-0.000054,-0.000033,0.000091,0.000049,0.000047,0.000019,
301, 5238, 2.070065, 0.000000, 0.074570, 0.000000, 0.574074,0.074570,0.000000,-0.000054,-0.000033,0.000091,0.000049,0.000047,0.000019,
302, 5209, 2.073527, 0.000000, 0.075178, 0.000000, 0.568247,0.075178,0.000000,-0.000062,-0.000036,0.000103,0.000054,0.000053,0.000020,
303, 5062, 2.105689, 0.000000, 0.076946, 0.000000, 0.562821,0.076946,0.000000,-0.000077,-0.000047,0.000129,0.000069,0.000066,0.000027,
304, 4974, 2.117411, 0.000000, 0.077925, 0.000000, 0.552272,0.077925,0.000000,-0.000076,-0.000049,0.000131,0.000071,0.000068,0.000030,
305, 5140, 2.085019, 0.000000, 0.075389, 0.000000, 0.564202,0.075389,0.000000,-0.000092,-0.000062,0.000161,0.000087,0.000082,0.000037,
306, 5026, 2.113609, 0.000000, 0.077656, 0.000000, 0.560883,0.077656,0.000000,-0.000111,-0.000074,0.000194,0.000104,0.000099,0.000044,
307, 5036, 2.089754, 0.000000, 0.076886, 0.000000, 0.554408,0.076886,0.000000,-0.000110,-0.000072,0.000188,0.000100,0.000096,0.000042,
308, 5067, 2.109927, 0.000000, 0.077699, 0.000000, 0.564239,0.077699,0.000000,-0.000093,-0.000060,0.000158,0.000084,0.000081,0.000035,
309, 5112, 2.089202, 0.000000, 0.076095, 0.000000, 0.573748,0.076095,0.000000,-0.000099,-0.000063,0.000168,0.000089,0.000085,0.000036,
310, 5079, 2.077968, 0.000000, 0.076117, 0.000000, 0.563694,0.076117,0.000000,-0.000088,-0.000053,0.000146,0.000076,0.000074,0.000029,
311, 5049, 2.090711, 0.000000, 0.077342, 0.000000, 0.566845,0.077342,0.000000,-0.000109,-0.000069,0.000184,0.000096,0.000093,0.000039,
312, 5031, 2.080898, 0.000000, 0.076784, 0.000000, 0.557344,0.076784,0.000000,-0.000099,-0.000062,0.000166,0.000087,0.000084,0.000035,
313, 5065, 2.094768, 0.000000, 0.076900, 0.000000, 0.559131,0.076900,0.000000,-0.000114,-0.000070,0.000190,0.000099,0.000096,0.000038,
314, 5165, 2.088480, 0.000000, 0.075799, 0.000000, 0.571539,0.075799,0.000000,-0.000086,-0.000053,0.000144,0.000076,0.000073,0.000030,
315, 5111, 2.076697, 0.000000, 0.075680, 0.000000, 0.564273,0.075680,0.000000,-0.000097,-0.000060,0.000163,0.000086,0.000082,0.000034,
316, 5177, 2.079776, 0.000000, 0.075623, 0.000000, 0.570021,0.075623,0.000000,-0.000094,-0.000057,0.000156,0.000082,0.000079,0.000032,
317, 5213, 2.061960, 0.000000, 0.074583, 0.000000, 0.570305,0.074583,0.000000,-0.000096,-0.000060,0.000162,0.000086,0.000083,0.000034,
318, 5029, 2.112746, 0.000000, 0.077789, 0.000000, 0.559157,0.077789,0.000000,-0.000106,-0.000069,0.000183,0.000099,0.000094,0.000041,
319, 5089, 2.092749, 0.000000, 0.076420, 0.000000, 0.561603,0.076420,0.000000,-0.000097,-0.000066,0.000171,0.000094,0.000088,0.000041,
320, 5170, 2.082398, 0.000000, 0.074874, 0.000000, 0.572727,0.074874,0.000000,-0.000113,-0.000075,0.000197,0.000106,0.000100,0.000045,
321, 5029, 2.099423, 0.000000, 0.077033, 0.000000, 0.564526,0.077033,0.000000,-0.000084,-0.000055,0.000146,0.000079,0.000075,0.000033,
322, 4971, 2.102997, 0.000000, 0.077208, 0.000000, 0.555019,0.077208,0.000000,-0.000094,-0.000064,0.000166,0.000091,0.000085,0.000040,
323, 5013, 2.104129, 0.000000, 0.077339, 0.000000, 0.565131,0.077339,0.000000,-0.000080,-0.000053,0.000140,0.000076,0.000072,0.000032,
324, 5101, 2.070966, 0.000000, 0.075671, 0.000000, 0.569888,0.075671,0.000000,-0.000102,-0.000069,0.000180,0.000098,0.000092,0.000042,
325, 5012, 2.091181, 0.000000, 0.076656, 0.000000, 0.562450,0.076656,0.000000,-0.000090,-0.000057,0.000154,0.000082,0.000078,0.000033,
326, 5016, 2.096890, 0.000000, 0.077213, 0.000000, 0.563596,0.077213,0.000000,-0.000094,-0.000062,0.000164,0.000089,0.000084,0.000038,
327, 5019, 2.084479, 0.000000, 0.076728, 0.000000, 0.559673,0.076728,0.000000,-0.000102,-0.000068,0.000178,0.000096,0.000091,0.000041,
328, 5036, 2.097895, 0.000000, 0.077502, 0.000000, 0.555997,0.077502,0.000000,-0.000090,-0.000057,0.000152,0.000081,0.000077,0.000033,
329, 5204, 2.060915, 0.000000, 0.074923, 0.000000, 0.563028,0.074923,0.000000,-0.000097,-0.000062,0.000164,0.000087,0.000083,0.000035,
330, 5232, 2.077791, 0.000000, 0.075363, 0.000000, 0.565749,0.075363,0.000000,-0.000075,-0.000046,0.000126,0.000066,0.000064,0.000026,
331, 5191, 2.094009, 0.000000, 0.075843, 0.000000, 0.565209,0.075843,0.000000,-0.000074,-0.000048,0.000127,0.000068,0.000065,0.000029,
332, 5170, 2.107930, 0.000000, 0.075822, 0.000000, 0.565764,0.075822,0.000000,-0.000086,-0.000055,0.000146,0.000077,0.000074,0.000031,
333, 5142, 2.093932, 0.000000, 0.075146, 0.000000, 0.566317,0.075146,0.000000,-0.000088,-0.000055,0.000148,0.000078,0.000075,0.000031,
334, 5216, 2.063459, 0.000000, 0.074712, 0.000000, 0.568060,0.074712,0.000000,-0.000100,-0.000064,0.000170,0.000090,0.000086,0.000036,
335, 5098, 2.093762, 0.000000, 0.076167, 0.000000, 0.551589,0.076167,0.000000,-0.000080,-0.000051,0.000137,0.000072,0.000069,0.000030,
336, 5132, 2.113406, 0.000000, 0.076656, 0.000000, 0.560990,0.076656,0.000000,-0.000079,-0.000054,0.000139,0.000075,0.000071,0.000033,
337, 5158, 2.098682, 0.000000, 0.076561, 0.000000, 0.562427,0.076561,0.000000,-0.000070,-0.000045,0.000120,0.000064,0.000060,0.000027,
338, 5153, 2.101494, 0.000000, 0.076286, 0.000000, 0.562391,0.076286,0.000000,-0.000062,-0.000038,0.000104,0.000055,0.000052,0.000022,
339, 5245, 2.070543, 0.000000, 0.074433, 0.000000, 0.567969,0.074433,0.000000,-0.000054,-0.000033,0.000091,0.000048,0.000046,0.000019,
340, 5194, 2.078360, 0.000000, 0.074971, 0.000000, 0.561995,0.074971,0.000000,-0.000060,-0.000038,0.000101,0.000054,0.000051,0.000022,
341, 5143, 2.109858, 0.000000, 0.076453, 0.000000, 0.565040,0.076453,0.000000,-0.000060,-0.000041,0.000107,0.000059,0.000055,0.000026,
342, 5216, 2.089149, 0.000000, 0.075173, 0.000000, 0.573236,0.075173,0.000000,-0.000050,-0.000033,0.000087,0.000047,0.000044,0.000020,
343, 5231, 2.070350, 0.000000, 0.074613, 0.000000, 0.577327,0.074613,0.000000,-0.000076,-0.000051,0.000133,0.000071,0.000067,0.000031,
344, 5079, 2.080134, 0.000000, 0.076314, 0.000000, 0.561922,0.076314,0.000000,-0.000069,-0.000047,0.000121,0.000065,0.000061,0.000029,
345, 5150, 2.069320, 0.000000, 0.075262, 0.000000, 0.561942,0.075262,0.000000,-0.000082,-0.000057,0.000144,0.000077,0.000072,0.000035,
346, 5109, 2.106087, 0.000000, 0.076747, 0.000000, 0.557056,0.076747,0.000000,-0.000045,-0.000035,0.000086,0.000048,0.000044,0.000024,
347, 5124, 2.102654, 0.000000, 0.076620, 0.000000, 0.560500,0.076620,0.000000,-0.000066,-0.000049,0.000122,0.000068,0.000062,0.000032,
348, 5228, 2.078424, 0.000000, 0.075325, 0.000000, 0.565417,0.075325,0.000000,-0.000058,-0.000046,0.000111,0.000062,0.000056,0.000031,
349, 5096, 2.108713, 0.000000, 0.076570, 0.000000, 0.557889,0.076570,0.000000,-0.000069,-0.000054,0.000130,0.000073,0.000066,0.000037,
350, 5146, 2.101244, 0.000000, 0.076448, 0.000000, 0.564905,0.076448,0.000000,-0.000061,-0.000047,0.000115,0.000064,0.000058,0.000032,
351, 5138, 2.092643, 0.000000, 0.076061, 0.000000, 0.562281,0.076061,0.000000,-0.000072,-0.000054,0.000134,0.000075,0.000068,0.000036,
352, 5127, 2.100644, 0.000000, 0.076360, 0.000000, 0.565828,0.076360,0.000000,-0.000075,-0.000057,0.000139,0.000078,0.000071,0.000038,
353, 5174, 2.068612, 0.000000, 0.074526, 0.000000, 0.566100,0.074526,0.000000,-0.000097,-0.000072,0.000179,0.000099,0.000091,0.000047,
354, 5192, 2.081279, 0.000000, 0.075135, 0.000000, 0.568952,0.075135,0.000000,-0.000077,-0.000061,0.000148,0.000084,0.000076,0.000043,
355, 5153, 2.089851, 0.000000, 0.076169, 0.000000, 0.565690,0.076169,0.000000,-0.000089,-0.000065,0.000162,0.000089,0.000082,0.000043,
356, 5041, 2.109700, 0.000000, 0.077881, 0.000000, 0.556437,0.077881,0.000000,-0.000082,-0.000066,0.000158,0.000090,0.000081,0.000046,
357, 5097, 2.095154, 0.000000, 0.076555, 0.000000, 0.559152,0.076555,0.000000,-0.000088,-0.000064,0.000161,0.000088,0.000081,0.000042,
358, 5120, 2.092383, 0.000000, 0.076348, 0.000000, 0.562500,0.076348,0.000000,-0.000092,-0.000068,0.000169,0.000093,0.000086,0.000044,
359, 5184, 2.085069, 0.000000, 0.075444, 0.000000, 0.565972,0.075444,0.000000,-0.000101,-0.000074,0.000185,0.000102,0.000094,0.000048,
360, 5155, 2.089234, 0.000000, 0.075907, 0.000000, 0.562173,0.075907,0.000000,-0.000104,-0.000075,0.000188,0.000102,0.000095,0.000047,
361, 5165, 2.090416, 0.000000, 0.075702, 0.000000, 0.568248,0.075702,0.000000,-0.000118,-0.000083,0.000209,0.000113,0.000105,0.000051,
362, 5035, 2.108640, 0.000000, 0.077279, 0.000000, 0.552334,0.077279,0.000000,-0.000109,-0.000073,0.000189,0.000102,0.000095,0.000044,
363, 5185, 2.090839, 0.000000, 0.076355, 0.000000, 0.565284,0.076355,0.000000,-0.000102,-0.000071,0.000180,0.000097,0.000091,0.000044,
364, 5137, 2.092077, 0.000000, 0.076368, 0.000000, 0.561417,0.076368,0.000000,-0.000099,-0.000070,0.000178,0.000097,0.000090,0.000044,
365, 5298, 2.056059, 0.000000, 0.073537, 0.000000, 0.565685,0.073537,0.000000,-0.000092,-0.000066,0.000166,0.000091,0.000084,0.000042,
366, 5194, 2.102041, 0.000000, 0.075915, 0.000000, 0.558722,0.075915,0.000000,-0.000076,-0.000054,0.000138,0.000076,0.000070,0.000034,
367, 5280, 2.087121, 0.000000, 0.074716, 0.000000, 0.567803,0.074716,0.000000,-0.000078,-0.000051,0.000135,0.000072,0.000068,0.000031,
368, 5211, 2.098062, 0.000000, 0.075724, 0.000000, 0.566878,0.075724,0.000000,-0.000080,-0.000055,0.000142,0.000078,0.000072,0.000034,
369, 5173, 2.104775, 0.000000, 0.076049, 0.000000, 0.571429,0.076049,0.000000,-0.000093,-0.000062,0.000161,0.000087,0.000082,0.000037,
370, 5175, 2.075942, 0.000000, 0.075362, 0.000000, 0.565797,0.075362,0.000000,-0.000091,-0.000062,0.000160,0.000086,0.000081,0.000038,
371, 5199, 2.072322, 0.000000, 0.074918, 0.000000, 0.572995,0.074918,0.000000,-0.000096,-0.000067,0.000171,0.000093,0.000087,0.000042,
372, 5144, 2.076011, 0.000000, 0.075816, 0.000000, 0.568040,0.075816,0.000000,-0.000097,-0.000070,0.000176,0.000097,0.000090,0.000045,
373, 5074, 2.102286, 0.000000, 0.076547, 0.000000, 0.558337,0.076547,0.000000,-0.000103,-0.000074,0.000186,0.000102,0.000095,0.000048,
374, 5156, 2.091932, 0.000000, 0.075756, 0.000000, 0.572537,0.075756,0.000000,-0.000104,-0.000073,0.000185,0.000101,0.000094,0.000046,
375, 5037, 2.086758, 0.000000, 0.076752, 0.000000, 0.561644,0.076752,0.000000,-0.000110,-0.000081,0.000202,0.000112,0.000103,0.000053,
376, 5151, 2.073578, 0.000000, 0.075578, 0.000000, 0.565715,0.075578,0.000000,-0.000110,-0.000077,0.000197,0.000108,0.000100,0.000049,
377, 5142, 2.088098, 0.000000, 0.076040, 0.000000, 0.569623,0.076040,0.000000,-0.000126,-0.000086,0.000221,0.000119,0.000112,0.000053,
378, 5019, 2.101415, 0.000000, 0.077665, 0.000000, 0.554891,0.077665,0.000000,-0.000105,-0.000074,0.000189,0.000103,0.000096,0.000047,
379, 5051, 2.098792, 0.000000, 0.077371, 0.000000, 0.553356,0.077371,0.000000,-0.000126,-0.000088,0.000224,0.000121,0.000113,0.000054,
380, 5149, 2.094970, 0.000000, 0.076131, 0.000000, 0.565158,0.076131,0.000000,-0.000119,-0.000084,0.000214,0.000117,0.000109,0.000053,
381, 5058, 2.104982, 0.000000, 0.077402, 0.000000, 0.560301,0.077402,0.000000,-0.000116,-0.000080,0.000205,0.000111,0.000104,0.000049,
382, 5154, 2.092161, 0.000000, 0.076251, 0.000000, 0.573341,0.076251,0.000000,-0.000133,-0.000090,0.000233,0.000125,0.000118,0.000055,
383, 5149, 2.074383, 0.000000, 0.075587, 0.000000, 0.572733,0.075587,0.000000,-0.000129,-0.000087,0.000225,0.000121,0.000114,0.000053,
384, 5064, 2.081359, 0.000000, 0.076303, 0.000000, 0.567338,0.076303,0.000000,-0.000134,-0.000096,0.000242,0.000133,0.000123,0.000061,
385, 5000, 2.089400, 0.000000, 0.077340, 0.000000, 0.554800,0.077340,0.000000,-0.000135,-0.000097,0.000244,0.000134,0.000124,0.000062,
386, 5069, 2.094693, 0.000000, 0.077155, 0.000000, 0.560268,0.077155,0.000000,-0.000154,-0.000110,0.000277,0.000152,0.000141,0.000070,
387, 5192, 2.075116, 0.000000, 0.075501, 0.000000, 0.574345,0.075501,0.000000,-0.000144,-0.000106,0.000263,0.000145,0.000134,0.000068,
388, 5116, 2.081314, 0.000000, 0.076407, 0.000000, 0.566458,0.076407,0.000000,-0.000150,-0.000109,0.000273,0.000150,0.000139,0.000070,
389, 5080, 2.095669, 0.000000, 0.077067, 0.000000, 0.565157,0.077067,0.000000,-0.000155,-0.000114,0.000283,0.000156,0.000144,0.000074,
390, 5022, 2.097372, 0.000000, 0.076503, 0.000000, 0.558742,0.076503,0.000000,-0.000165,-0.000124,0.000305,0.000169,0.000155,0.000081,
391, 5049, 2.093088, 0.000000, 0.076609, 0.000000, 0.558328,0.076609,0.000000,-0.000154,-0.000113,0.000282,0.000156,0.000144,0.000073,
392, 5173, 2.075778, 0.000000, 0.075681, 0.000000, 0.566789,0.075681,0.000000,-0.000147,-0.000109,0.000270,0.000150,0.000138,0.000072,
393, 5100, 2.096078, 0.000000, 0.076961, 0.000000, 0.564902,0.076961,0.000000,-0.000154,-0.000115,0.000285,0.000158,0.000146,0.000076,
394, 5176, 2.078246, 0.000000, 0.075367, 0.000000, 0.573995,0.075367,0.000000,-0.000171,-0.000129,0.000317,0.000176,0.000162,0.000085,
395, 5242, 2.058756, 0.000000, 0.074399, 0.000000, 0.575734,0.074399,0.000000,-0.000165,-0.000125,0.000306,0.000170,0.000156,0.000082,
396, 5006, 2.105473, 0.000000, 0.077986, 0.000000, 0.559728,0.077986,0.000000,-0.000150,-0.000115,0.000281,0.000157,0.000143,0.000077,
397, 5165, 2.060600, 0.000000, 0.074734, 0.000000, 0.570571,0.074734,0.000000,-0.000160,-0.000125,0.000303,0.000170,0.000155,0.000085,
398, 5125, 2.084098, 0.000000, 0.075766, 0.000000, 0.561951,0.075766,0.000000,-0.000178,-0.000138,0.000334,0.000187,0.000171,0.000092,
399, 5146, 2.092305, 0.000000, 0.076487, 0.000000, 0.565488,0.076487,0.000000,-0.000165,-0.000130,0.000314,0.000177,0.000161,0.000089,
