time_step,                           population_size,                           mean_age,                           mean_sex,                           mean_food_consumed,                           mean_pesticide_consumed,                           mortality_rate,mean_food1_consumed,mean_food2_consumed,mean_pesticide1_consumed,mean_pesticide2_consumed,trait1_mean_value,trait2_mean_value,trait3_mean_value,trait4_mean_value,mean_f
0, 1000, 1.000000, 2.521000, 0.410297, 0.000000, 0.000000,0.197924,0.212373,0.000000,0.000000,0.006104,0.028878,-0.005435,0.041176,0.000000
1, 1000, 2.000000, 2.521000, 0.820594, 0.000000, 0.692000,0.395849,0.424746,0.000000,0.000000,0.006104,0.028878,-0.005435,0.041176,0.000000
2, 308, 3.000000, 2.500000, 3.497475, 0.000000, 0.000000,1.685089,1.812385,0.000000,0.000000,0.295837,0.324484,0.256679,0.368777,0.000000
3, 308, 4.000000, 2.500000, 3.497475, 0.000000, 0.000000,1.685089,1.812385,0.000000,0.000000,0.295837,0.324484,0.256679,0.368777,0.000000
4, 443, 3.781038, 2.496614, 2.734267, 0.000000, 0.000000,1.311357,1.422909,0.000000,0.000000,0.220779,0.415729,0.243481,0.400416,0.000000
5, 607, 3.759473, 2.484349, 2.369910, 0.000000, 0.080725,1.132730,1.237181,0.000000,0.000000,0.204787,0.452046,0.265808,0.399009,0.000000
6, 711, 4.071730, 2.489451, 2.339483, 0.000000, 0.518987,1.156735,1.182748,0.000000,0.000000,0.243281,0.440699,0.256796,0.435040,0.000000
7, 513, 2.202729, 2.495127, 1.628687, 0.000000, 0.120858,0.850165,0.778522,0.000000,0.000000,0.228072,0.497092,0.265470,0.468783,0.000000
8, 508, 2.980315, 2.498031, 1.963115, 0.000000, 0.125984,1.017563,0.945552,0.000000,0.000000,0.275484,0.509545,0.358599,0.434802,0.000000
9, 575, 3.410435, 2.499130, 2.074591, 0.000000, 0.043478,1.054649,1.019942,0.000000,0.000000,0.338454,0.521920,0.427968,0.440349,0.000000
10, 774, 3.468992, 2.501292, 1.974190, 0.000000, 0.178295,0.979718,0.994472,0.000000,0.000000,0.376994,0.486808,0.430743,0.440172,0.000000
11, 964, 3.052905, 2.504149, 1.879681, 0.000000, 0.185685,0.909803,0.969878,0.000000,0.000000,0.348192,0.531674,0.414202,0.474008,0.000000
12, 1089, 2.900826, 2.498623, 2.407417, 0.000000, 0.138659,1.159827,1.247590,0.000000,0.000000,0.358118,0.529661,0.432159,0.463720,0.000000
13, 1194, 3.011725, 2.512563, 2.597253, 0.000000, 0.151591,1.181837,1.415416,0.000000,0.000000,0.307274,0.598520,0.463799,0.451324,0.000000
14, 1432, 2.884777, 2.505587, 2.389990, 0.000000, 0.085196,1.095968,1.294022,0.000000,0.000000,0.304588,0.654443,0.478697,0.490826,0.000000
15, 2077, 2.794415, 2.503611, 1.959586, 0.000000, 0.128551,0.898410,1.061175,0.000000,0.000000,0.278451,0.720182,0.462293,0.548563,0.000000
16, 2844, 2.714135, 2.501055, 1.735412, 0.000000, 0.201125,0.811808,0.923604,0.000000,0.000000,0.277062,0.739147,0.462287,0.566598,0.000000
17, 3346, 2.743873, 2.493126, 1.601770, 0.000000, 0.244770,0.735209,0.866561,0.000000,0.000000,0.249126,0.761382,0.438406,0.585552,0.000000
18, 3576, 2.734620, 2.492170, 1.483795, 0.000000, 0.251119,0.691744,0.792052,0.000000,0.000000,0.286058,0.740278,0.452791,0.586365,0.000000
19, 3652, 2.871030, 2.500000, 1.508876, 0.000000, 0.232475,0.715218,0.793657,0.000000,0.000000,0.340716,0.719224,0.475424,0.596633,0.000000
20, 3955, 3.011884, 2.492541, 1.533724, 0.000000, 0.218963,0.727303,0.806422,0.000000,0.000000,0.369983,0.697674,0.472257,0.607070,0.000000
21, 4485, 3.012263, 2.488740, 1.502660, 0.000000, 0.249721,0.693854,0.808807,0.000000,0.000000,0.393862,0.707278,0.475562,0.637464,0.000000
22, 4926, 2.939708, 2.495737, 1.492738, 0.000000, 0.291311,0.683720,0.809018,0.000000,0.000000,0.411533,0.732851,0.507833,0.648699,0.000000
23, 5117, 2.797147, 2.498534, 1.475438, 0.000000, 0.286887,0.674125,0.801313,0.000000,0.000000,0.409430,0.754084,0.526169,0.649789,0.000000
24, 5226, 2.788557, 2.492729, 2.310213, 0.000000, 0.138729,1.064081,1.246132,0.000000,0.000000,0.413279,0.768676,0.549969,0.644511,0.000000
25, 6240, 2.809776, 2.498077, 2.321883, 0.000000, 0.117788,1.073503,1.248381,0.000000,0.000000,0.399250,0.793363,0.538648,0.667193,0.000000
26, 7777, 2.847499, 2.497107, 2.088691, 0.000000, 0.149544,0.951335,1.137356,0.000000,0.000000,0.382318,0.835871,0.555096,0.677131,0.000000
27, 10127, 2.771897, 2.496791, 1.770798, 0.000000, 0.171127,0.819252,0.951545,0.000000,0.000000,0.404645,0.842554,0.577138,0.684030,0.000000
28, 12849, 2.742159, 2.500039, 1.500025, 0.000000, 0.225076,0.693613,0.806412,0.000000,0.000000,0.408435,0.849579,0.578913,0.693223,0.000000
29, 14803, 2.820915, 2.494697, 1.315566, 0.000000, 0.315274,0.608814,0.706752,0.000000,0.000000,0.420637,0.840212,0.569584,0.705284,0.000000
30, 15153, 2.721705, 2.488616, 1.158558, 0.000000, 0.336303,0.536431,0.622127,0.000000,0.000000,0.417378,0.837990,0.561291,0.708133,0.000000
31, 14534, 2.730081, 2.494977, 1.114850, 0.000000, 0.353929,0.515631,0.599219,0.000000,0.000000,0.404674,0.863645,0.550976,0.732117,0.000000
32, 13577, 2.814539, 2.495397, 1.148522, 0.000000, 0.350372,0.528895,0.619627,0.000000,0.000000,0.420856,0.881651,0.579133,0.738273,0.000000
33, 12945, 2.837312, 2.488451, 1.164086, 0.000000, 0.356895,0.541030,0.623056,0.000000,0.000000,0.439164,0.889120,0.617357,0.725586,0.000000
34, 12310, 2.778148, 2.491308, 1.158734, 0.000000, 0.367994,0.538939,0.619795,0.000000,0.000000,0.441314,0.896069,0.629949,0.722119,0.000000
35, 11405, 2.741692, 2.496975, 1.173084, 0.000000, 0.370101,0.545403,0.627681,0.000000,0.000000,0.457997,0.884976,0.624388,0.733086,0.000000
36, 10546, 2.723118, 2.496397, 2.168416, 0.000000, 0.161862,1.010715,1.157701,0.000000,0.000000,0.476459,0.877548,0.619599,0.748805,0.000000
37, 12119, 2.747999, 2.503342, 2.261734, 0.000000, 0.132354,1.048912,1.212822,0.000000,0.000000,0.480835,0.890491,0.631662,0.754238,0.000000
38, 14261, 2.863824, 2.501297, 2.082717, 0.000000, 0.157142,0.967337,1.115380,0.000000,0.000000,0.477421,0.908082,0.632885,0.767594,0.000000
39, 18659, 2.764510, 2.500348, 1.747484, 0.000000, 0.162442,0.811379,0.936105,0.000000,0.000000,0.469431,0.912296,0.635713,0.761049,0.000000
40, 24332, 2.737260, 2.505137, 1.471935, 0.000000, 0.221108,0.685871,0.786064,0.000000,0.000000,0.467585,0.913808,0.627479,0.769078,0.000000
41, 28755, 2.821179, 2.505964, 1.287314, 0.000000, 0.329334,0.598108,0.689205,0.000000,0.000000,0.465984,0.911382,0.614218,0.778404,0.000000
42, 29177, 2.661343, 2.499572, 1.103417, 0.000000, 0.365322,0.512280,0.591137,0.000000,0.000000,0.472584,0.913892,0.619889,0.781844,0.000000
43, 26705, 2.648643, 2.498334, 1.048715, 0.000000, 0.384348,0.487775,0.560941,0.000000,0.000000,0.477699,0.923444,0.638712,0.777707,0.000000
44, 23740, 2.751222, 2.502022, 1.080509, 0.000000, 0.361457,0.504447,0.576061,0.000000,0.000000,0.489532,0.924839,0.656272,0.773220,0.000000
45, 22209, 2.860822, 2.503940, 1.091747, 0.000000, 0.378945,0.510305,0.581441,0.000000,0.000000,0.510582,0.925069,0.673953,0.776647,0.000000
46, 20935, 2.764223, 2.498925, 1.017424, 0.000000, 0.397564,0.477306,0.540117,0.000000,0.000000,0.535864,0.921071,0.680827,0.790909,0.000000
47, 18908, 2.657658, 2.494024, 0.952570, 0.000000, 0.424582,0.443323,0.509247,0.000000,0.000000,0.552560,0.911348,0.682807,0.795665,0.000000
48, 16220, 2.613440, 2.494760, 2.021144, 0.000000, 0.199137,0.953600,1.067544,0.000000,0.000000,0.587298,0.894921,0.683014,0.813411,0.000000
49, 17419, 2.674034, 2.496527, 2.166192, 0.000000, 0.147368,1.037041,1.129150,0.000000,0.000000,0.625588,0.873085,0.697966,0.814262,0.000000
50, 19183, 2.907418, 2.495856, 2.056224, 0.000000, 0.168900,0.989742,1.066482,0.000000,0.000000,0.635540,0.871525,0.702560,0.817981,0.000000
51, 24879, 2.813095, 2.493830, 1.750980, 0.000000, 0.149082,0.840656,0.910324,0.000000,0.000000,0.631585,0.885804,0.700086,0.831143,0.000000
52, 33455, 2.765177, 2.494754, 1.448124, 0.000000, 0.209894,0.698162,0.749963,0.000000,0.000000,0.636171,0.889078,0.701430,0.837728,0.000000
53, 40251, 2.860078, 2.500261, 1.261609, 0.000000, 0.352215,0.609193,0.652416,0.000000,0.000000,0.636214,0.890096,0.704851,0.835353,0.000000
54, 39939, 2.619144, 2.504219, 1.051964, 0.000000, 0.388918,0.507388,0.544576,0.000000,0.000000,0.653731,0.880787,0.711982,0.836145,0.000000
55, 35471, 2.545488, 2.505399, 0.968035, 0.000000, 0.403654,0.463722,0.504313,0.000000,0.000000,0.657089,0.885127,0.714216,0.841691,0.000000
56, 30556, 2.686248, 2.505269, 1.006805, 0.000000, 0.372955,0.478427,0.528378,0.000000,0.000000,0.643046,0.907547,0.716048,0.848735,0.000000
57, 28170, 2.869507, 2.503372, 1.033873, 0.000000, 0.402449,0.489646,0.544227,0.000000,0.000000,0.627784,0.933499,0.720104,0.855925,0.000000
58, 26175, 2.719007, 2.504565, 0.913197, 0.000000, 0.415549,0.430597,0.482600,0.000000,0.000000,0.605531,0.968378,0.734167,0.855138,0.000000
59, 22851, 2.609383, 2.504617, 0.808443, 0.000000, 0.471270,0.377891,0.430552,0.000000,0.000000,0.590655,1.006650,0.760778,0.852518,0.000000
60, 17666, 2.581796, 2.502604, 1.955896, 0.000000, 0.217876,0.907192,1.048705,0.000000,0.000000,0.594615,1.035643,0.798918,0.847593,0.000000
61, 18113, 2.658864, 2.503947, 2.181248, 0.000000, 0.149506,1.026934,1.154314,0.000000,0.000000,0.609962,1.048191,0.816950,0.857567,0.000000
62, 19077, 2.980081, 2.500550, 2.158612, 0.000000, 0.158882,1.011576,1.147036,0.000000,0.000000,0.637073,1.049566,0.825489,0.877477,0.000000
63, 25381, 2.863362, 2.493085, 1.831606, 0.000000, 0.122572,0.861518,0.970088,0.000000,0.000000,0.661521,1.023590,0.811451,0.889552,0.000000
64, 35476, 2.780020, 2.497322, 1.481028, 0.000000, 0.199431,0.699611,0.781418,0.000000,0.000000,0.654446,1.024141,0.811259,0.883229,0.000000
65, 43242, 2.883909, 2.498404, 1.311496, 0.000000, 0.359535,0.625748,0.685748,0.000000,0.000000,0.653091,1.027627,0.809499,0.887222,0.000000
66, 42705, 2.574218, 2.497225, 1.077518, 0.000000, 0.380237,0.522764,0.554754,0.000000,0.000000,0.667022,1.028627,0.815782,0.895837,0.000000
67, 38234, 2.519747, 2.497541, 0.987758, 0.000000, 0.400010,0.488640,0.499118,0.000000,0.000000,0.697592,1.020417,0.817418,0.916378,0.000000
68, 33298, 2.679741, 2.500030, 1.033256, 0.000000, 0.362064,0.517083,0.516172,0.000000,0.000000,0.729061,1.001689,0.823769,0.922283,0.000000
69, 32001, 2.843942, 2.499391, 1.026334, 0.000000, 0.389207,0.519969,0.506365,0.000000,0.000000,0.745089,0.984987,0.825381,0.919595,0.000000
70, 30751, 2.684140, 2.501545, 0.865569, 0.000000, 0.424507,0.446445,0.419124,0.000000,0.000000,0.757587,0.974875,0.827197,0.919916,0.000000
71, 26570, 2.571396, 2.504140, 0.745714, 0.000000, 0.494430,0.396210,0.349504,0.000000,0.000000,0.786790,0.957843,0.840629,0.918126,0.000000
72, 19939, 2.488691, 2.504338, 1.907462, 0.000000, 0.227143,0.975358,0.932104,0.000000,0.000000,0.823670,0.941872,0.861492,0.917592,0.000000
73, 19764, 2.627403, 2.504453, 2.191903, 0.000000, 0.154169,1.116327,1.075576,0.000000,0.000000,0.816940,0.958730,0.867846,0.921688,0.000000
74, 20303, 3.027730, 2.501551, 2.215477, 0.000000, 0.156282,1.132647,1.082830,0.000000,0.000000,0.833009,0.958009,0.868272,0.936606,0.000000
75, 26991, 2.900671, 2.501797, 1.864654, 0.000000, 0.115298,0.945284,0.919370,0.000000,0.000000,0.830229,0.967444,0.870247,0.941485,0.000000
76, 38191, 2.803121, 2.501689, 1.482521, 0.000000, 0.196434,0.742476,0.740045,0.000000,0.000000,0.817291,0.983397,0.873107,0.941975,0.000000
77, 46790, 2.909489, 2.498931, 1.293636, 0.000000, 0.372430,0.642622,0.651014,0.000000,0.000000,0.814375,0.990864,0.872614,0.947200,0.000000
78, 45652, 2.558815, 2.497415, 1.039046, 0.000000, 0.399260,0.514860,0.524186,0.000000,0.000000,0.824885,0.990595,0.876633,0.953381,0.000000
79, 39862, 2.465080, 2.500702, 0.936137, 0.000000, 0.416035,0.459212,0.476925,0.000000,0.000000,0.835819,0.986787,0.871920,0.965194,0.000000
80, 33543, 2.650568, 2.501386, 0.996882, 0.000000, 0.375697,0.483035,0.513847,0.000000,0.000000,0.829206,1.006547,0.867301,0.983478,0.000000
81, 31211, 2.862452, 2.500304, 1.020482, 0.000000, 0.401589,0.490811,0.529671,0.000000,0.000000,0.792752,1.049544,0.873204,0.985041,0.000000
82, 29463, 2.689305, 2.498388, 0.851733, 0.000000, 0.429013,0.410537,0.441196,0.000000,0.000000,0.764794,1.085411,0.889682,0.977110,0.000000
83, 25325, 2.555972, 2.496584, 0.721720, 0.000000, 0.496821,0.352197,0.369523,0.000000,0.000000,0.749629,1.111144,0.894366,0.983538,0.000000
84, 18824, 2.500000, 2.504781, 1.927153, 0.000000, 0.234700,0.925859,1.001294,0.000000,0.000000,0.760061,1.125044,0.905720,0.996731,0.000000
85, 18628, 2.609083, 2.501396, 2.238624, 0.000000, 0.152673,1.085222,1.153402,0.000000,0.000000,0.787788,1.120969,0.910738,1.015240,0.000000
86, 18924, 3.016698, 2.500951, 2.287059, 0.000000, 0.151976,1.113494,1.173565,0.000000,0.000000,0.810860,1.120354,0.924011,1.024283,0.000000
87, 25538, 2.886640, 2.503407, 1.924100, 0.000000, 0.102161,0.936673,0.987427,0.000000,0.000000,0.810341,1.114801,0.927718,1.014328,0.000000
88, 36823, 2.786954, 2.503816, 1.524047, 0.000000, 0.191239,0.745502,0.778545,0.000000,0.000000,0.805192,1.114839,0.929774,1.007133,0.000000
89, 45594, 2.890380, 2.500197, 1.331298, 0.000000, 0.364105,0.650940,0.680358,0.000000,0.000000,0.802386,1.120587,0.929928,1.010054,0.000000
90, 45259, 2.544709, 2.498950, 1.057562, 0.000000, 0.388807,0.524991,0.532570,0.000000,0.000000,0.814210,1.119057,0.929450,1.020807,0.000000
91, 39958, 2.477601, 2.497447, 0.956039, 0.000000, 0.418189,0.479949,0.476090,0.000000,0.000000,0.826717,1.121027,0.938479,1.026212,0.000000
92, 33750, 2.650222, 2.497600, 1.020993, 0.000000, 0.366281,0.519109,0.501884,0.000000,0.000000,0.859790,1.106282,0.956329,1.026169,0.000000
93, 32140, 2.847106, 2.496173, 1.034984, 0.000000, 0.393777,0.525824,0.509160,0.000000,0.000000,0.870426,1.097512,0.964370,1.019704,0.000000
94, 30717, 2.679982, 2.494580, 0.867913, 0.000000, 0.427939,0.448137,0.419776,0.000000,0.000000,0.881723,1.089141,0.979130,1.007513,0.000000
95, 26627, 2.535885, 2.493334, 0.734434, 0.000000, 0.492170,0.386067,0.348366,0.000000,0.000000,0.910324,1.058729,0.983915,1.000166,0.000000
96, 20074, 2.459500, 2.498705, 1.932888, 0.000000, 0.226960,0.998747,0.934141,0.000000,0.000000,0.943766,1.027831,0.981420,1.004531,0.000000
97, 19981, 2.631300, 2.498323, 2.233880, 0.000000, 0.160202,1.154471,1.079409,0.000000,0.000000,0.970956,1.021275,0.987567,1.018820,0.000000
98, 20496, 3.007660, 2.497268, 2.244619, 0.000000, 0.158226,1.164302,1.080317,0.000000,0.000000,0.985345,1.020772,0.987850,1.032424,0.000000
99, 27747, 2.850254, 2.498324, 1.874019, 0.000000, 0.117130,0.969464,0.904555,0.000000,0.000000,0.975647,1.045229,0.997569,1.037925,0.000000
100, 39592, 2.753283, 2.499646, 1.478377, 0.000000, 0.200520,0.757962,0.720416,0.000000,0.000000,0.955923,1.077857,1.008408,1.040626,0.000000
101, 48511, 2.865041, 2.500443, 1.291019, 0.000000, 0.373503,0.656925,0.634094,0.000000,0.000000,0.953639,1.087864,1.011216,1.045745,0.000000
102, 47560, 2.526241, 2.500484, 1.025604, 0.000000, 0.398066,0.518472,0.507132,0.000000,0.000000,0.959771,1.083374,1.011280,1.047222,0.000000
103, 41521, 2.457190, 2.497580, 0.914347, 0.000000, 0.422389,0.463279,0.451068,0.000000,0.000000,0.973205,1.079913,1.018102,1.050226,0.000000
104, 34900, 2.634069, 2.499140, 0.977201, 0.000000, 0.377450,0.488032,0.489169,0.000000,0.000000,0.985761,1.088960,1.025767,1.064306,0.000000
105, 32545, 2.846151, 2.499770, 1.000274, 0.000000, 0.409464,0.493366,0.506907,0.000000,0.000000,0.981902,1.098691,1.031830,1.064275,0.000000
106, 30581, 2.652856, 2.497073, 0.823183, 0.000000, 0.434551,0.400910,0.422273,0.000000,0.000000,0.967888,1.109931,1.035516,1.058025,0.000000
107, 26024, 2.518176, 2.498194, 0.687509, 0.000000, 0.508953,0.329587,0.357922,0.000000,0.000000,0.962489,1.119146,1.035914,1.061654,0.000000
108, 18841, 2.466642, 2.497160, 1.942995, 0.259487, 0.559312,0.941589,1.001406,0.127442,0.132045,0.952358,1.131221,1.034898,1.064904,0.000000
109, 12483, 2.619482, 2.498999, 2.112580, 0.108154, 0.311143,0.400036,1.712544,0.053280,0.054874,0.261503,1.778352,1.027549,1.043337,0.000000
110, 11297, 3.029034, 2.496769, 2.191246, 0.063148, 0.257059,0.236485,1.954761,0.030952,0.032196,-0.032702,2.054814,1.007203,1.052465,0.000000
111, 14103, 2.851805, 2.500745, 1.862136, 0.039447, 0.178047,0.091067,1.771069,0.019261,0.020186,-0.338094,2.333794,1.004919,1.034703,0.000000
112, 19032, 2.752364, 2.497478, 1.505065, 0.021189, 0.225462,0.016496,1.488569,0.010714,0.010475,-0.510349,2.494186,1.019933,1.011303,0.000000
113, 22880, 2.890516, 2.497640, 1.337446, 0.016262, 0.391827,0.010539,1.326907,0.008250,0.008012,-0.543546,2.529568,1.033565,1.000511,0.000000
114, 22135, 2.518997, 2.497628, 1.070171, 0.019573, 0.416354,0.011580,1.058591,0.009927,0.009645,-0.551654,2.542120,1.042982,0.995720,0.000000
115, 18917, 2.471216, 2.497066, 0.998921, 0.015277, 0.432521,0.008551,0.990370,0.008057,0.007220,-0.560375,2.557703,1.054211,0.991588,0.000000
116, 15936, 2.636421, 2.499059, 1.059687, 0.015689, 0.376130,0.005754,1.053932,0.008124,0.007566,-0.569600,2.576238,1.067996,0.987389,0.000000
117, 15152, 2.850845, 2.500330, 1.089348, 0.014107, 0.412355,0.005567,1.083781,0.007103,0.007004,-0.586756,2.608461,1.083135,0.987895,0.000000
118, 14505, 2.648466, 2.497966, 0.912410, 0.017782, 0.442123,0.008515,0.903896,0.008784,0.008998,-0.588300,2.612610,1.089626,0.984033,0.000000
119, 12486, 2.497197, 2.497197, 0.776058, 0.020288, 0.509691,0.008177,0.767881,0.009767,0.010521,-0.597620,2.626937,1.097481,0.981427,0.000000
120, 9184, 2.471581, 2.496625, 2.102379, 0.015641, 0.238894,0.006894,2.095485,0.007649,0.007992,-0.599483,2.628341,1.107977,0.970385,0.000000
121, 9161, 2.603428, 2.499072, 2.337550, 0.012111, 0.158825,0.006402,2.331148,0.006292,0.005818,-0.609467,2.639807,1.120170,0.959797,0.000000
122, 9470, 3.014995, 2.498205, 2.323403, 0.007481, 0.166209,0.003612,2.319791,0.003758,0.003723,-0.615298,2.646366,1.129016,0.951728,0.000000
123, 13043, 2.827187, 2.499042, 1.908504, 0.012357, 0.133788,0.004188,1.904316,0.006513,0.005844,-0.636341,2.676319,1.138048,0.952196,0.000000
124, 18569, 2.726910, 2.499596, 1.520102, 0.013163, 0.223922,0.007024,1.513078,0.006675,0.006488,-0.649928,2.692293,1.138489,0.954503,0.000000
125, 22394, 2.843842, 2.500447, 1.340954, 0.015460, 0.392382,0.006425,1.334529,0.007818,0.007642,-0.660268,2.693946,1.121799,0.962727,0.000000
126, 21656, 2.505126, 2.497460, 1.072663, 0.018876, 0.414342,0.007652,1.065011,0.009848,0.009029,-0.671426,2.699445,1.114177,0.964896,0.000000
127, 18537, 2.463451, 2.494093, 1.002448, 0.013454, 0.432594,0.005519,0.996929,0.006756,0.006697,-0.675101,2.706615,1.109455,0.973334,0.000000
128, 15640, 2.639514, 2.497954, 1.080755, 0.011717, 0.368862,0.004212,1.076543,0.006176,0.005541,-0.665720,2.712313,1.123530,0.974324,0.000000
129, 15177, 2.823615, 2.499901, 1.089333, 0.013271, 0.410753,0.005656,1.083677,0.006373,0.006898,-0.680066,2.742172,1.125589,0.988453,0.000000
130, 14434, 2.636414, 2.500554, 0.928792, 0.018181, 0.449979,0.006885,0.921907,0.009202,0.008979,-0.703875,2.762992,1.119606,0.991987,0.000000
131, 12383, 2.481951, 2.501171, 0.794236, 0.017134, 0.498910,0.006163,0.788073,0.008885,0.008249,-0.703145,2.752956,1.083256,1.019207,0.000000
132, 9182, 2.451862, 2.498257, 2.137086, 0.016209, 0.235352,0.004817,2.132269,0.008052,0.008157,-0.684515,2.734953,1.050432,1.052623,0.000000
133, 9130, 2.656298, 2.499452, 2.386328, 0.010318, 0.161336,0.004100,2.382228,0.005055,0.005262,-0.688846,2.739598,1.028602,1.075122,0.000000
134, 9708, 2.973115, 2.500206, 2.301853, 0.009567, 0.167388,0.003659,2.298195,0.005303,0.004265,-0.705371,2.752713,1.026715,1.073916,0.000000
135, 13493, 2.783814, 2.503372, 1.883847, 0.011412, 0.144593,0.004336,1.879511,0.006165,0.005247,-0.730219,2.790631,1.039357,1.075080,0.000000
136, 18997, 2.698005, 2.501816, 1.492066, 0.013787, 0.233089,0.004494,1.487572,0.006798,0.006989,-0.740388,2.801142,1.044153,1.070811,0.000000
137, 22618, 2.825051, 2.501194, 1.329454, 0.014779, 0.402113,0.004293,1.325160,0.007469,0.007310,-0.736085,2.796844,1.044461,1.070406,0.000000
138, 21534, 2.484025, 2.499025, 1.087104, 0.017387, 0.414786,0.005693,1.081411,0.008934,0.008453,-0.740397,2.798619,1.038208,1.074232,0.000000
139, 18467, 2.453782, 2.500569, 1.026730, 0.012330, 0.424108,0.003910,1.022820,0.006208,0.006122,-0.738508,2.798053,1.039872,1.073860,0.000000
140, 15725, 2.649793, 2.506518, 1.095746, 0.011982, 0.377043,0.004114,1.091632,0.005933,0.006049,-0.722588,2.794121,1.063823,1.061546,0.000000
141, 15068, 2.820547, 2.505442, 1.098015, 0.015181, 0.419896,0.004770,1.093246,0.007684,0.007497,-0.707329,2.796706,1.091263,1.051714,0.000000
142, 14238, 2.613569, 2.498174, 0.931250, 0.018692, 0.447043,0.005492,0.925757,0.009330,0.009362,-0.716985,2.811150,1.103922,1.044034,0.000000
143, 12207, 2.498075, 2.501679, 0.811927, 0.021539, 0.510445,0.005554,0.806373,0.010807,0.010733,-0.716619,2.822171,1.132327,1.026955,0.000000
144, 9042, 2.456757, 2.503650, 2.194726, 0.019962, 0.247290,0.006014,2.188712,0.009917,0.010045,-0.701569,2.825020,1.148619,1.028460,0.000000
145, 8985, 2.577741, 2.502282, 2.408813, 0.013094, 0.162048,0.002731,2.406082,0.006736,0.006359,-0.689338,2.823738,1.151174,1.036808,0.000000
146, 9508, 2.929954, 2.506521, 2.334813, 0.012227, 0.167228,0.004585,2.330229,0.006339,0.005888,-0.686366,2.827945,1.141319,1.054059,0.000000
147, 13139, 2.790699, 2.500647, 1.916832, 0.016728, 0.147424,0.005819,1.911013,0.008642,0.008086,-0.699664,2.850218,1.161131,1.043513,0.000000
148, 18520, 2.711771, 2.497516, 1.528671, 0.015543, 0.232289,0.003979,1.524692,0.007684,0.007858,-0.730678,2.868030,1.144856,1.047165,0.000000
149, 22183, 2.824956, 2.501826, 1.335834, 0.014949, 0.396565,0.004400,1.331433,0.007472,0.007478,-0.739547,2.869183,1.142117,1.042238,0.000000
150, 21191, 2.504459, 2.506158, 1.086200, 0.016890, 0.423576,0.005119,1.081080,0.008513,0.008377,-0.741159,2.871401,1.128573,1.056593,0.000000
151, 18058, 2.442574, 2.502381, 1.020024, 0.014567, 0.432218,0.004374,1.015650,0.007475,0.007092,-0.746331,2.878074,1.112064,1.074946,0.000000
152, 15341, 2.607522, 2.498142, 1.095622, 0.013248, 0.376442,0.003818,1.091805,0.006597,0.006651,-0.744016,2.884246,1.102697,1.093057,0.000000
153, 14792, 2.778123, 2.499121, 1.098681, 0.012594, 0.411168,0.004118,1.094564,0.006849,0.005745,-0.747515,2.895221,1.111695,1.091691,0.000000
154, 14131, 2.595853, 2.497205, 0.927942, 0.015777, 0.447173,0.005121,0.922821,0.007979,0.007798,-0.763057,2.905594,1.106250,1.092260,0.000000
155, 12144, 2.455616, 2.496871, 0.795665, 0.016949, 0.500165,0.003548,0.792117,0.008703,0.008246,-0.773305,2.908043,1.106773,1.083980,0.000000
156, 9086, 2.464671, 2.499890, 2.186820, 0.015932, 0.242241,0.003511,2.183309,0.007767,0.008165,-0.781559,2.909951,1.096957,1.087600,0.000000
157, 9058, 2.621771, 2.500773, 2.405256, 0.010519, 0.171671,0.002542,2.402715,0.005114,0.005405,-0.782587,2.918727,1.091319,1.101258,0.000000
158, 9470, 2.948997, 2.502851, 2.342671, 0.009834, 0.176452,0.003320,2.339350,0.004394,0.005440,-0.798036,2.931031,1.067585,1.122396,0.000000
159, 13199, 2.749830, 2.498750, 1.908474, 0.019483, 0.152133,0.005981,1.902492,0.008974,0.010509,-0.796623,2.948143,1.085685,1.123024,0.000000
160, 18654, 2.672403, 2.500858, 1.526309, 0.017534, 0.236250,0.004274,1.522035,0.008299,0.009235,-0.795036,2.951327,1.114155,1.099078,0.000000
161, 22368, 2.798015, 2.501788, 1.351745, 0.019258, 0.400617,0.004461,1.347284,0.009211,0.010047,-0.794687,2.946209,1.114091,1.094253,0.000000
162, 21541, 2.467481, 2.506476, 1.090122, 0.019015, 0.415208,0.005569,1.084553,0.009156,0.009859,-0.795788,2.948975,1.118668,1.091353,0.000000
163, 18581, 2.432431, 2.507023, 1.019072, 0.013914, 0.431301,0.003816,1.015256,0.007170,0.006744,-0.803998,2.952250,1.107647,1.097634,0.000000
164, 15763, 2.614794, 2.504092, 1.101557, 0.012369, 0.379243,0.004721,1.096836,0.006319,0.006050,-0.802139,2.964414,1.113145,1.106388,0.000000
165, 15118, 2.787075, 2.502051, 1.104853, 0.014615, 0.415928,0.004364,1.100489,0.007035,0.007580,-0.794787,2.973435,1.139861,1.095962,0.000000
166, 14389, 2.598582, 2.500938, 0.926397, 0.015907, 0.447912,0.004760,0.921637,0.007583,0.008324,-0.797632,2.975119,1.154634,1.079897,0.000000
167, 12291, 2.463022, 2.498495, 0.789994, 0.015563, 0.508746,0.004212,0.785782,0.007659,0.007905,-0.803737,2.981749,1.166793,1.068276,0.000000
168, 9078, 2.435118, 2.500991, 2.194705, 0.014154, 0.245979,0.003744,2.190961,0.007319,0.006835,-0.815612,2.992323,1.177571,1.056313,0.000000
169, 9030, 2.583832, 2.496456, 2.408831, 0.010182, 0.171650,0.003688,2.405142,0.005388,0.004794,-0.804871,2.986590,1.185927,1.052744,0.000000
170, 9301, 2.967530, 2.492743, 2.370534, 0.007480, 0.179443,0.001299,2.369235,0.003894,0.003586,-0.789054,2.969235,1.195486,1.041141,0.000000
171, 12927, 2.758335, 2.487816, 1.939226, 0.015124, 0.140868,0.003454,1.935772,0.007454,0.007669,-0.806311,2.995272,1.193746,1.052284,0.000000
172, 18540, 2.669256, 2.495955, 1.534153, 0.015014, 0.232147,0.004096,1.530057,0.007461,0.007554,-0.829802,3.015662,1.176133,1.067460,0.000000
173, 22537, 2.776456, 2.496827, 1.337589, 0.015913, 0.396370,0.003650,1.333939,0.007982,0.007931,-0.831843,3.009924,1.158986,1.076884,0.000000
174, 21891, 2.442465, 2.499338, 1.055991, 0.017212, 0.420218,0.003526,1.052465,0.009039,0.008173,-0.836204,3.023630,1.161150,1.084364,0.000000
175, 18871, 2.403423, 2.502093, 0.985146, 0.013396, 0.435907,0.002355,0.982791,0.006635,0.006761,-0.843773,3.026767,1.155935,1.085272,0.000000
176, 15997, 2.577296, 2.501407, 1.063347, 0.013044, 0.383134,0.002528,1.060819,0.006526,0.006518,-0.840750,3.013715,1.156115,1.074753,0.000000
177, 15260, 2.764875, 2.496658, 1.089161, 0.013908, 0.422346,0.002303,1.086858,0.006881,0.007027,-0.861490,3.029924,1.141841,1.085023,0.000000
178, 14499, 2.566522, 2.494448, 0.908848, 0.014548, 0.444651,0.002279,0.906569,0.007420,0.007128,-0.884170,3.045961,1.133311,1.087368,0.000000
179, 12444, 2.433623, 2.502330, 0.777547, 0.016408, 0.511572,0.004215,0.773332,0.007931,0.008478,-0.895803,3.059109,1.149421,1.072891,0.000000
180, 9179, 2.423031, 2.510840, 2.243153, 0.015950, 0.237717,0.004261,2.238892,0.007347,0.008604,-0.904684,3.062753,1.152135,1.064987,0.000000
181, 9216, 2.596463, 2.505425, 2.416123, 0.013497, 0.174154,0.003746,2.412377,0.006606,0.006891,-0.907670,3.076206,1.151929,1.075982,0.000000
182, 9525, 2.965459, 2.505302, 2.377603, 0.013414, 0.189396,0.002876,2.374727,0.006563,0.006851,-0.907869,3.086240,1.137552,1.100597,0.000000
183, 13007, 2.785961, 2.501653, 1.980168, 0.016368, 0.145076,0.003587,1.976581,0.007870,0.008498,-0.900125,3.084737,1.143169,1.101129,0.000000
184, 18501, 2.688611, 2.499973, 1.561679, 0.018064, 0.233771,0.003477,1.558202,0.009051,0.009013,-0.908025,3.086931,1.140718,1.097945,0.000000
185, 22216, 2.816033, 2.502026, 1.380006, 0.015951, 0.400612,0.003622,1.376384,0.007783,0.008168,-0.910040,3.083291,1.133831,1.099168,0.000000
186, 21249, 2.472869, 2.502565, 1.105182, 0.018782, 0.423267,0.003743,1.101439,0.009189,0.009593,-0.911552,3.088253,1.134788,1.101767,0.000000
187, 18315, 2.404969, 2.502594, 1.025252, 0.012615, 0.423041,0.002374,1.022878,0.006390,0.006225,-0.914385,3.100680,1.154906,1.091306,0.000000
188, 15796, 2.590086, 2.497784, 1.097920, 0.011498, 0.381552,0.001216,1.096704,0.005596,0.005902,-0.920060,3.115864,1.176805,1.079021,0.000000
189, 15233, 2.762095, 2.493796, 1.103252, 0.013416, 0.415808,0.002595,1.100657,0.006567,0.006849,-0.917000,3.110078,1.182098,1.070809,0.000000
190, 14734, 2.543233, 2.500136, 0.906547, 0.017215, 0.445975,0.002650,0.903897,0.008608,0.008608,-0.911546,3.109858,1.180645,1.077512,0.000000
191, 12569, 2.436073, 2.502347, 0.777714, 0.015860, 0.514520,0.001266,0.776448,0.007817,0.008043,-0.917986,3.113741,1.171990,1.083795,0.000000
192, 9194, 2.416902, 2.500544, 2.217999, 0.015521, 0.250272,0.001923,2.216076,0.007457,0.008064,-0.925072,3.122499,1.175132,1.082491,0.000000
193, 9067, 2.592699, 2.498180, 2.427320, 0.014204, 0.178339,0.001667,2.425653,0.006840,0.007364,-0.927090,3.127067,1.159039,1.101423,0.000000
194, 9374, 2.965970, 2.498613, 2.378116, 0.014418, 0.185193,0.001015,2.377102,0.007133,0.007285,-0.919593,3.118256,1.156419,1.102557,0.000000
195, 12927, 2.766380, 2.501895, 1.944912, 0.012520, 0.141874,0.001677,1.943235,0.006614,0.005907,-0.924656,3.125088,1.159290,1.101580,0.000000
196, 18523, 2.666253, 2.502726, 1.517619, 0.013661, 0.237920,0.001712,1.515907,0.006746,0.006915,-0.938736,3.136473,1.159582,1.098847,0.000000
197, 22264, 2.777893, 2.501527, 1.330373, 0.015069, 0.405992,0.002100,1.328273,0.007644,0.007425,-0.937885,3.138999,1.172655,1.089063,0.000000
198, 21239, 2.449927, 2.503979, 1.075543, 0.017450, 0.429069,0.002370,1.073173,0.008720,0.008730,-0.931622,3.143042,1.184318,1.087676,0.000000
199, 18078, 2.388594, 2.504149, 1.010505, 0.014958, 0.440038,0.003487,1.007018,0.007796,0.007162,-0.929867,3.149640,1.191722,1.088700,0.000000
200, 15078, 2.574214, 2.502852, 1.109027, 0.012833, 0.387585,0.002432,1.106595,0.006413,0.006420,-0.943435,3.163914,1.183021,1.098534,0.000000
201, 14353, 2.762210, 2.505748, 1.145762, 0.014238, 0.413572,0.002046,1.143716,0.006718,0.007520,-0.949520,3.163578,1.172755,1.102481,0.000000
202, 13933, 2.546401, 2.502548, 0.944111, 0.016732, 0.435226,0.002725,0.941386,0.007816,0.008916,-0.948033,3.154383,1.173715,1.093585,0.000000
203, 12119, 2.455978, 2.499959, 0.818179, 0.013794, 0.502517,0.002245,0.815934,0.006931,0.006863,-0.937079,3.149295,1.189131,1.083748,0.000000
204, 9129, 2.441122, 2.500931, 2.239294, 0.014141, 0.248549,0.003367,2.235928,0.006525,0.007615,-0.940720,3.143907,1.200016,1.063579,0.000000
205, 9151, 2.578625, 2.498634, 2.419557, 0.011295, 0.178888,0.001234,2.418323,0.005143,0.006151,-0.942319,3.138256,1.207773,1.048345,0.000000
206, 9431, 2.947832, 2.500053, 2.389270, 0.008962, 0.182907,0.001580,2.387690,0.004143,0.004819,-0.932373,3.126649,1.200782,1.053489,0.000000
207, 12914, 2.766765, 2.500000, 1.962560, 0.013761, 0.148134,0.001831,1.960730,0.006904,0.006858,-0.930059,3.135957,1.190757,1.075475,0.000000
208, 18327, 2.664811, 2.498336, 1.536572, 0.016976, 0.240629,0.002612,1.533961,0.008003,0.008972,-0.941359,3.143502,1.187823,1.074855,0.000000
209, 21959, 2.786147, 2.496972, 1.355287, 0.015974, 0.400610,0.002975,1.352312,0.007509,0.008465,-0.952277,3.147553,1.187004,1.068902,0.000000
210, 21296, 2.459006, 2.496901, 1.088694, 0.017701, 0.424211,0.003653,1.085041,0.008297,0.009405,-0.964186,3.158562,1.189928,1.065295,0.000000
211, 18352, 2.397995, 2.496840, 1.009802, 0.013302, 0.442404,0.001901,1.007901,0.006622,0.006680,-0.967930,3.161704,1.188445,1.066264,0.000000
212, 15324, 2.556708, 2.500131, 1.093913, 0.012267, 0.395262,0.001979,1.091934,0.005988,0.006278,-0.962702,3.160493,1.185757,1.072976,0.000000
213, 14414, 2.729846, 2.498266, 1.119086, 0.014306, 0.422367,0.002265,1.116821,0.007287,0.007019,-0.955973,3.163536,1.193450,1.075046,0.000000
214, 13775, 2.533140, 2.502359, 0.947287, 0.019687, 0.446751,0.002075,0.945212,0.009121,0.010566,-0.963512,3.180417,1.192606,1.085637,0.000000
215, 11868, 2.435035, 2.502444, 0.824342, 0.017160, 0.502612,0.001651,0.822692,0.007955,0.009204,-0.965112,3.192197,1.209300,1.079213,0.000000
216, 8974, 2.419322, 2.508357, 2.236395, 0.017021, 0.250613,0.002180,2.234215,0.008014,0.009007,-0.960202,3.184798,1.220448,1.065276,0.000000
217, 8985, 2.571174, 2.503840, 2.401266, 0.012749, 0.186088,0.001893,2.399373,0.006164,0.006585,-0.962568,3.169985,1.204521,1.063850,0.000000
218, 9211, 2.938009, 2.502226, 2.375808, 0.008971, 0.187276,0.001968,2.373840,0.004518,0.004454,-0.963119,3.167189,1.213472,1.051383,0.000000
219, 12732, 2.734606, 2.499843, 1.934093, 0.012656, 0.145932,0.002054,1.932040,0.006079,0.006577,-0.963277,3.176266,1.197024,1.077154,0.000000
220, 18025, 2.659972, 2.500583, 1.524778, 0.012947, 0.242663,0.001728,1.523051,0.005969,0.006978,-0.964756,3.187687,1.202178,1.082153,0.000000
221, 21544, 2.770145, 2.498700, 1.343822, 0.013223, 0.400668,0.001763,1.342059,0.006547,0.006676,-0.967801,3.192461,1.207023,1.079094,0.000000
222, 20758, 2.445274, 2.500530, 1.094152, 0.018286, 0.427112,0.002709,1.091443,0.009090,0.009196,-0.980776,3.198003,1.202686,1.076167,0.000000
223, 17594, 2.407753, 2.498806, 1.044510, 0.010963, 0.436228,0.001500,1.043010,0.005544,0.005419,-0.996900,3.198113,1.192997,1.069938,0.000000
224, 14928, 2.558079, 2.503818, 1.121668, 0.012679, 0.382436,0.002063,1.119605,0.006464,0.006214,-0.997796,3.194079,1.183610,1.074404,0.000000
225, 14335, 2.733589, 2.504569, 1.145499, 0.014650, 0.418068,0.003146,1.142353,0.007411,0.007239,-0.989827,3.199913,1.177422,1.094614,0.000000
226, 13764, 2.539160, 2.505885, 0.968097, 0.019150, 0.438390,0.003211,0.964887,0.009375,0.009776,-0.998780,3.209988,1.185777,1.087518,0.000000
227, 12076, 2.446671, 2.505300, 0.851695, 0.019189, 0.499503,0.003611,0.848084,0.009867,0.009322,-0.989633,3.207324,1.204955,1.074550,0.000000
228, 9248, 2.427011, 2.503352, 2.235991, 0.019762, 0.263192,0.003964,2.232027,0.009492,0.010271,-1.003862,3.221520,1.182882,1.097166,0.000000
229, 9176, 2.558522, 2.501199, 2.393523, 0.016011, 0.197363,0.001104,2.392419,0.007956,0.008055,-1.014051,3.216278,1.160408,1.104329,0.000000
230, 9399, 2.911799, 2.502500, 2.373238, 0.012119, 0.196723,0.001165,2.372073,0.005805,0.006313,-1.016648,3.218826,1.145171,1.119750,0.000000
231, 12837, 2.733505, 2.501519, 1.966827, 0.014994, 0.155722,0.002195,1.964632,0.007672,0.007321,-0.999573,3.216627,1.167884,1.111618,0.000000
232, 18225, 2.630453, 2.501180, 1.556822, 0.015219, 0.240055,0.003333,1.553490,0.007787,0.007432,-0.999115,3.220685,1.190947,1.092906,0.000000
233, 21897, 2.751016, 2.499246, 1.377893, 0.014236, 0.395305,0.002594,1.375299,0.007228,0.007008,-1.002100,3.223598,1.194400,1.089407,0.000000
234, 21316, 2.437746, 2.496153, 1.109865, 0.016885, 0.416917,0.003200,1.106665,0.008115,0.008770,-0.996605,3.223369,1.194356,1.094718,0.000000
235, 18512, 2.399795, 2.498001, 1.036231, 0.012507, 0.431774,0.002436,1.033795,0.006198,0.006309,-0.988367,3.216884,1.191659,1.099054,0.000000
236, 15796, 2.571790, 2.499050, 1.124564, 0.013047, 0.385541,0.001832,1.122732,0.006571,0.006476,-0.992155,3.218835,1.170617,1.118542,0.000000
237, 15299, 2.722400, 2.494673, 1.130095, 0.013776, 0.407347,0.002556,1.127539,0.006659,0.007117,-0.997306,3.225013,1.147391,1.143202,0.000000
238, 14880, 2.541263, 2.495027, 0.939175, 0.017175, 0.447984,0.002440,0.936736,0.008468,0.008707,-1.005397,3.230641,1.144733,1.143553,0.000000
239, 12844, 2.422843, 2.493694, 0.802340, 0.013817, 0.502414,0.003072,0.799268,0.006614,0.007204,-1.016791,3.234594,1.134848,1.146192,0.000000
240, 9856, 2.367999, 2.500000, 2.166216, 0.016865, 0.259030,0.003229,2.162987,0.008293,0.008572,-1.035358,3.239029,1.134879,1.132114,0.000000
241, 9774, 2.545324, 2.500307, 2.330361, 0.011682, 0.196746,0.002132,2.328229,0.006022,0.005660,-1.039203,3.226268,1.114238,1.136077,0.000000
242, 9991, 2.909318, 2.504654, 2.314679, 0.014373, 0.206186,0.001361,2.313317,0.007168,0.007206,-1.032477,3.230256,1.113332,1.147809,0.000000
243, 13393, 2.739939, 2.506235, 1.927781, 0.016516, 0.156798,0.001782,1.925999,0.007981,0.008535,-1.040875,3.254878,1.126234,1.151564,0.000000
244, 18895, 2.650278, 2.504260, 1.527528, 0.013513, 0.238793,0.001624,1.525905,0.006907,0.006607,-1.045618,3.263448,1.145810,1.135790,0.000000
245, 22686, 2.774927, 2.503218, 1.352812, 0.013218, 0.402010,0.002183,1.350630,0.006646,0.006572,-1.040956,3.255362,1.151338,1.126587,0.000000
246, 21926, 2.437882, 2.500046, 1.078186, 0.015271, 0.424063,0.002390,1.075795,0.007559,0.007712,-1.040285,3.251012,1.153018,1.121106,0.000000
247, 18767, 2.379922, 2.503384, 1.000501, 0.014479, 0.447861,0.002119,0.998381,0.007168,0.007311,-1.041240,3.257940,1.156446,1.123776,0.000000
248, 15471, 2.564282, 2.508241, 1.097686, 0.013111, 0.396161,0.001747,1.095939,0.006378,0.006733,-1.045056,3.270062,1.161768,1.126985,0.000000
249, 14569, 2.736083, 2.504427, 1.109029, 0.013787, 0.415540,0.001335,1.107694,0.006290,0.007497,-1.061147,3.288484,1.167782,1.123657,0.000000
250, 13927, 2.574065, 2.507001, 0.925546, 0.017770, 0.456811,0.002738,0.922808,0.008378,0.009392,-1.062497,3.296414,1.191145,1.106796,0.000000
251, 11795, 2.445697, 2.506316, 0.796978, 0.016065, 0.514286,0.002872,0.794106,0.007391,0.008674,-1.056454,3.291385,1.205231,1.093449,0.000000
252, 8670, 2.404729, 2.503576, 2.253649, 0.017724, 0.262399,0.002997,2.250652,0.008178,0.009546,-1.056748,3.286911,1.209327,1.084430,0.000000
253, 8402, 2.576410, 2.504642, 2.460922, 0.013475, 0.193525,0.002488,2.458433,0.006921,0.006554,-1.047445,3.275753,1.216188,1.075380,0.000000
254, 8369, 2.977297, 2.504839, 2.497174, 0.009626, 0.184251,0.001599,2.495576,0.004547,0.005079,-1.049396,3.267974,1.208257,1.073484,0.000000
255, 11931, 2.723410, 2.502389, 1.998608, 0.014474, 0.131422,0.001514,1.997093,0.007175,0.007298,-1.053747,3.288726,1.213841,1.084728,0.000000
256, 17461, 2.631121, 2.502606, 1.551800, 0.010755, 0.236241,0.002046,1.549755,0.005213,0.005541,-1.060459,3.289441,1.212724,1.079869,0.000000
257, 21050, 2.753397, 2.497862, 1.381166, 0.011683, 0.403705,0.001245,1.379921,0.006040,0.005643,-1.067494,3.290884,1.213543,1.073477,0.000000
258, 20346, 2.402241, 2.498378, 1.102112, 0.013391, 0.415118,0.002180,1.099932,0.006784,0.006607,-1.066621,3.299645,1.222201,1.074564,0.000000
259, 17546, 2.377579, 2.501710, 1.041229, 0.009953, 0.435655,0.001574,1.039654,0.004881,0.005072,-1.074792,3.303938,1.214058,1.079016,0.000000
260, 14900, 2.563289, 2.499195, 1.129228, 0.010693, 0.376913,0.001828,1.127400,0.005422,0.005271,-1.072340,3.303177,1.193295,1.101691,0.000000
261, 14627, 2.718124, 2.493471, 1.128960, 0.012698, 0.411226,0.002121,1.126840,0.006282,0.006416,-1.084073,3.313152,1.179148,1.114468,0.000000
262, 14334, 2.526301, 2.497070, 0.937820, 0.017574, 0.445165,0.002601,0.935219,0.008569,0.009005,-1.094246,3.311853,1.172432,1.109747,0.000000
263, 12511, 2.404204, 2.497003, 0.816461, 0.017148, 0.506354,0.002701,0.813760,0.008654,0.008494,-1.098232,3.311312,1.159623,1.118158,0.000000
264, 9361, 2.381049, 2.491507, 2.243578, 0.016911, 0.265356,0.002837,2.240741,0.008620,0.008291,-1.096345,3.313513,1.147267,1.134797,0.000000
265, 9097, 2.561834, 2.495878, 2.438052, 0.012290, 0.191382,0.001928,2.436124,0.005897,0.006393,-1.087944,3.305601,1.129200,1.153379,0.000000
266, 9358, 2.916649, 2.500641, 2.404706, 0.012962, 0.187754,0.001140,2.403565,0.006738,0.006224,-1.086368,3.283619,1.087283,1.174846,0.000000
267, 13124, 2.723865, 2.499771, 1.961647, 0.016757, 0.151402,0.001924,1.959723,0.007837,0.008920,-1.080138,3.299187,1.110937,1.173099,0.000000
268, 18746, 2.628774, 2.499307, 1.546333, 0.017055, 0.248906,0.001994,1.544339,0.008895,0.008160,-1.086883,3.312447,1.125864,1.164826,0.000000
269, 22283, 2.748957, 2.496926, 1.369480, 0.017968, 0.407620,0.001607,1.367873,0.009167,0.008801,-1.094322,3.322714,1.131340,1.162353,0.000000
270, 21321, 2.430796, 2.497960, 1.095226, 0.017990, 0.423385,0.001159,1.094067,0.009140,0.008851,-1.098737,3.332231,1.137896,1.161047,0.000000
271, 18248, 2.393577, 2.501754, 1.032055, 0.013151, 0.439062,0.001705,1.030350,0.006593,0.006558,-1.099388,3.334128,1.136833,1.163413,0.000000
272, 15465, 2.570061, 2.499450, 1.129754, 0.013494, 0.388684,0.000994,1.128760,0.006668,0.006826,-1.102037,3.326018,1.127569,1.161826,0.000000
273, 14894, 2.719216, 2.502283, 1.128457, 0.013475, 0.415066,0.001120,1.127337,0.006630,0.006845,-1.098254,3.327053,1.147091,1.146928,0.000000
274, 14355, 2.530965, 2.505399, 0.922359, 0.015178, 0.452734,0.000642,0.921718,0.007987,0.007191,-1.097880,3.326856,1.166510,1.127461,0.000000
275, 12226, 2.400131, 2.492066, 0.781362, 0.015087, 0.515377,0.001299,0.780062,0.007644,0.007443,-1.096560,3.322484,1.170646,1.120123,0.000000
276, 9005, 2.379012, 2.485508, 2.248500, 0.015028, 0.258856,0.001444,2.247055,0.007188,0.007839,-1.114831,3.323844,1.146973,1.127169,0.000000
277, 8773, 2.574376, 2.489456, 2.445817, 0.009180, 0.186481,0.000786,2.445032,0.004415,0.004765,-1.120177,3.308626,1.135018,1.118328,0.000000
278, 8860, 2.980474, 2.485327, 2.453084, 0.011948, 0.194695,0.001636,2.451448,0.005997,0.005951,-1.107853,3.286227,1.119277,1.123651,0.000000
279, 12611, 2.695187, 2.487590, 1.967126, 0.015415, 0.135279,0.002015,1.965110,0.007861,0.007554,-1.097758,3.307179,1.150849,1.123277,0.000000
280, 18370, 2.607186, 2.490691, 1.523312, 0.014331, 0.243549,0.001511,1.521801,0.006886,0.007445,-1.104208,3.323530,1.158598,1.125723,0.000000
281, 22063, 2.734714, 2.495264, 1.359064, 0.015165, 0.404569,0.001838,1.357226,0.007175,0.007991,-1.112103,3.324847,1.153656,1.124167,0.000000
282, 21392, 2.404964, 2.503226, 1.087750, 0.017733, 0.422681,0.001755,1.085995,0.008770,0.008963,-1.115792,3.322440,1.149202,1.122514,0.000000
283, 18288, 2.379593, 2.503773, 1.036189, 0.015337, 0.445374,0.001928,1.034261,0.007380,0.007957,-1.111245,3.318812,1.127699,1.145100,0.000000
284, 15288, 2.567177, 2.503728, 1.139899, 0.013706, 0.380495,0.002010,1.137889,0.006622,0.007084,-1.112254,3.324071,1.121743,1.155498,0.000000
285, 14885, 2.732550, 2.506483, 1.138822, 0.013555, 0.414713,0.001268,1.137554,0.006578,0.006976,-1.114758,3.330499,1.126151,1.155115,0.000000
286, 14505, 2.514305, 2.504033, 0.930682, 0.016398, 0.445984,0.001437,0.929245,0.008708,0.007690,-1.112643,3.336333,1.140710,1.148481,0.000000
287, 12555, 2.408045, 2.503067, 0.797927, 0.015241, 0.509518,0.001533,0.796394,0.008185,0.007055,-1.121354,3.335130,1.127100,1.152292,0.000000
288, 9413, 2.379581, 2.498991, 2.204485, 0.015671, 0.268883,0.002436,2.202049,0.007655,0.008016,-1.128371,3.322961,1.093932,1.166355,0.000000
289, 9061, 2.553140, 2.502704, 2.417852, 0.010289, 0.204172,0.000658,2.417193,0.004799,0.005490,-1.136887,3.311387,1.070421,1.169760,0.000000
290, 9112, 2.918240, 2.504719, 2.415254, 0.011936, 0.189091,0.000221,2.415033,0.005927,0.006010,-1.118053,3.292283,1.059439,1.180160,0.000000
291, 12701, 2.718054, 2.500905, 1.959585, 0.011072, 0.141013,0.000838,1.958748,0.005410,0.005663,-1.124019,3.313725,1.084151,1.171148,0.000000
292, 18286, 2.635732, 2.499781, 1.554060, 0.013056, 0.246527,0.001350,1.552710,0.006421,0.006635,-1.129826,3.330549,1.103545,1.162945,0.000000
293, 21888, 2.746619, 2.499315, 1.379918, 0.014831, 0.402641,0.001799,1.378119,0.007239,0.007593,-1.119398,3.321371,1.105090,1.162424,0.000000
294, 21083, 2.418299, 2.498506, 1.113160, 0.016231, 0.423090,0.001196,1.111964,0.008032,0.008199,-1.118928,3.323079,1.110978,1.158689,0.000000
295, 18052, 2.383669, 2.501939, 1.049178, 0.014144, 0.438899,0.001215,1.047964,0.006712,0.007432,-1.111712,3.311589,1.109830,1.155310,0.000000
296, 15358, 2.544016, 2.501367, 1.133295, 0.012227, 0.378239,0.001072,1.132222,0.005979,0.006247,-1.106910,3.302865,1.123902,1.136952,0.000000
297, 14937, 2.720627, 2.499632, 1.133863, 0.012283, 0.409721,0.001403,1.132459,0.006304,0.005979,-1.092062,3.308350,1.160341,1.120576,0.000000
298, 14633, 2.538646, 2.498189, 0.936729, 0.019361, 0.450967,0.002796,0.933932,0.010021,0.009341,-1.093360,3.324044,1.174185,1.121343,0.000000
299, 12603, 2.414187, 2.500992, 0.791229, 0.018258, 0.513132,0.002438,0.788791,0.009514,0.008744,-1.103725,3.338460,1.164175,1.135853,0.000000
300, 9358, 2.386300, 2.494550, 2.174883, 0.017926, 0.280829,0.002316,2.172567,0.008787,0.009139,-1.121671,3.346167,1.138866,1.151377,0.000000
301, 9098, 2.514729, 2.496043, 2.352062, 0.013381, 0.202902,0.001145,2.350916,0.007068,0.006313,-1.124278,3.327686,1.110961,1.158068,0.000000
302, 9147, 2.911665, 2.491746, 2.386889, 0.009797, 0.204876,0.000561,2.386328,0.004549,0.005248,-1.112958,3.302929,1.093412,1.161801,0.000000
303, 12603, 2.695390, 2.489883, 1.972943, 0.013579, 0.144569,0.001020,1.971923,0.006671,0.006908,-1.107219,3.311503,1.116167,1.153310,0.000000
304, 18037, 2.622997, 2.496091, 1.563410, 0.013693, 0.243943,0.001914,1.561496,0.006561,0.007132,-1.116453,3.330831,1.125556,1.154360,0.000000
305, 21598, 2.743171, 2.497361, 1.385689, 0.014983, 0.401658,0.001577,1.384112,0.007378,0.007604,-1.116471,3.336916,1.131617,1.154442,0.000000
306, 20941, 2.416933, 2.497923, 1.114784, 0.018871, 0.421040,0.002168,1.112616,0.009437,0.009433,-1.109687,3.336567,1.126805,1.165743,0.000000
307, 18196, 2.384205, 2.498406, 1.046140, 0.013674, 0.433502,0.001422,1.044718,0.006630,0.007044,-1.113820,3.335627,1.108874,1.178779,0.000000
308, 15638, 2.543036, 2.499105, 1.107225, 0.013166, 0.389756,0.001292,1.105933,0.006334,0.006832,-1.108820,3.327721,1.092975,1.191769,0.000000
309, 15021, 2.703282, 2.496771, 1.112976, 0.012668, 0.420811,0.001178,1.111798,0.006346,0.006323,-1.106483,3.332951,1.107455,1.184819,0.000000
310, 14525, 2.500379, 2.494871, 0.917130, 0.016825, 0.450534,0.001982,0.915148,0.007891,0.008934,-1.118047,3.349114,1.114324,1.182845,0.000000
311, 12468, 2.391723, 2.497834, 0.784101, 0.020074, 0.519650,0.001649,0.782452,0.009360,0.010715,-1.111609,3.358738,1.112814,1.200670,0.000000
312, 9061, 2.388037, 2.500717, 2.210039, 0.018527, 0.280102,0.001719,2.208320,0.008836,0.009690,-1.105526,3.345977,1.091592,1.215159,0.000000
313, 8657, 2.555273, 2.500404, 2.443469, 0.009662, 0.197181,0.000734,2.442735,0.004600,0.005061,-1.103404,3.324121,1.048496,1.238492,0.000000
314, 8819, 2.907813, 2.501304, 2.416388, 0.010130, 0.185168,0.000699,2.415689,0.004594,0.005536,-1.104551,3.309678,1.024121,1.247209,0.000000
315, 12230, 2.737694, 2.504661, 1.984286, 0.015194, 0.154783,0.000717,1.983568,0.007392,0.007802,-1.101271,3.325968,1.060714,1.230161,0.000000
316, 17353, 2.645422, 2.507405, 1.582405, 0.017033, 0.247911,0.001093,1.581313,0.008363,0.008670,-1.104159,3.344244,1.088954,1.217420,0.000000
317, 20774, 2.753490, 2.502166, 1.391710, 0.017929, 0.404015,0.001048,1.390662,0.008790,0.009139,-1.095280,3.346243,1.089581,1.227721,0.000000
318, 20008, 2.423631, 2.503299, 1.128504, 0.020534, 0.426579,0.000912,1.127592,0.009996,0.010537,-1.092154,3.346107,1.088409,1.231897,0.000000
319, 17165, 2.390213, 2.504632, 1.079849, 0.011898, 0.430819,0.000933,1.078916,0.005239,0.006659,-1.092689,3.339975,1.078176,1.235432,0.000000
320, 14802, 2.535603, 2.503918, 1.151147, 0.010831, 0.377652,0.000573,1.150574,0.004969,0.005862,-1.088836,3.341447,1.097187,1.221569,0.000000
321, 14301, 2.718551, 2.503671, 1.171232, 0.012056, 0.412768,0.001397,1.169834,0.005580,0.006476,-1.104209,3.347992,1.110720,1.199193,0.000000
322, 13875, 2.544288, 2.503712, 0.995853, 0.017436, 0.442162,0.001857,0.993996,0.008108,0.009328,-1.113121,3.358933,1.120342,1.191743,0.000000
323, 12058, 2.422873, 2.499419, 0.863381, 0.020517, 0.502571,0.001534,0.861847,0.010188,0.010328,-1.118372,3.370123,1.135936,1.182172,0.000000
324, 9162, 2.427090, 2.495198, 2.301223, 0.018820, 0.265553,0.002004,2.299220,0.008647,0.010173,-1.141879,3.383302,1.120278,1.187971,0.000000
325, 9177, 2.548436, 2.501144, 2.431522, 0.016372, 0.198431,0.001801,2.429721,0.007533,0.008839,-1.134889,3.364466,1.112281,1.183770,0.000000
326, 9536, 2.866191, 2.496120, 2.361490, 0.013110, 0.199140,0.001466,2.360024,0.006130,0.006981,-1.120552,3.351844,1.130899,1.166369,0.000000
327, 13005, 2.697962, 2.501807, 1.935097, 0.016707, 0.169243,0.002348,1.932749,0.008274,0.008433,-1.128230,3.358955,1.142401,1.154329,0.000000
328, 18255, 2.614078, 2.508463, 1.550479, 0.016415, 0.251328,0.002218,1.548261,0.008434,0.007981,-1.133075,3.363657,1.145677,1.150980,0.000000
329, 21664, 2.731859, 2.506001, 1.367061, 0.017588, 0.403804,0.001492,1.365570,0.008777,0.008811,-1.132826,3.365195,1.140709,1.157830,0.000000
330, 20808, 2.441753, 2.501682, 1.110054, 0.017825, 0.425942,0.001467,1.108587,0.008948,0.008876,-1.134737,3.365706,1.132856,1.164382,0.000000
331, 17857, 2.396763, 2.505292, 1.038974, 0.013026, 0.440836,0.001411,1.037562,0.006247,0.006779,-1.144727,3.365569,1.114517,1.172788,0.000000
332, 15044, 2.547727, 2.507844, 1.118319, 0.011743, 0.391651,0.001082,1.117237,0.005955,0.005787,-1.155081,3.361464,1.098967,1.173949,0.000000
333, 14405, 2.700382, 2.505519, 1.136981, 0.013289, 0.413259,0.000854,1.136127,0.006308,0.006981,-1.150838,3.363564,1.088974,1.190453,0.000000
334, 13914, 2.536654, 2.503378, 0.961282, 0.014984, 0.447679,0.001128,0.960154,0.007214,0.007770,-1.144859,3.372450,1.077623,1.217018,0.000000
335, 12066, 2.388944, 2.500580, 0.812363, 0.015058, 0.500249,0.001967,0.810397,0.007123,0.007935,-1.123963,3.373062,1.067747,1.248553,0.000000
336, 9168, 2.373691, 2.500764, 2.235176, 0.015327, 0.263525,0.001666,2.233511,0.007618,0.007709,-1.090031,3.368321,1.056290,1.289254,0.000000
337, 9025, 2.551468, 2.501607, 2.396419, 0.011850, 0.195346,0.000870,2.395549,0.005774,0.006076,-1.054778,3.336935,1.053229,1.295503,0.000000
338, 9271, 2.906159, 2.499946, 2.373512, 0.012147, 0.197713,0.001516,2.371996,0.006326,0.005821,-1.045722,3.322636,1.037200,1.306140,0.000000
339, 12677, 2.728800, 2.502643, 1.967772, 0.017458, 0.159423,0.001373,1.966398,0.008559,0.008899,-1.081668,3.344613,1.038214,1.291633,0.000000
340, 17842, 2.639110, 2.503643, 1.575007, 0.015148, 0.242013,0.001002,1.574005,0.007364,0.007784,-1.096495,3.365693,1.054268,1.282137,0.000000
341, 21230, 2.767405, 2.503815, 1.398631, 0.014640, 0.400236,0.001503,1.397128,0.007155,0.007485,-1.096739,3.366029,1.070946,1.265368,0.000000
342, 20415, 2.450992, 2.503061, 1.141710, 0.016398, 0.417977,0.002105,1.139605,0.007838,0.008560,-1.095159,3.363684,1.072831,1.262641,0.000000
343, 17564, 2.416078, 2.504384, 1.083479, 0.011980, 0.431735,0.002043,1.081437,0.006163,0.005818,-1.097518,3.366670,1.078498,1.257605,0.000000
344, 15076, 2.578270, 2.502919, 1.162267, 0.011178, 0.375497,0.001571,1.160696,0.005324,0.005853,-1.096736,3.376108,1.090444,1.255969,0.000000
345, 14823, 2.713148, 2.500101, 1.143541, 0.012970, 0.412467,0.000956,1.142584,0.006368,0.006602,-1.113546,3.381419,1.103553,1.231321,0.000000
346, 14450, 2.521453, 2.501592, 0.953953, 0.018701, 0.451557,0.001802,0.952150,0.009389,0.009312,-1.137071,3.390307,1.116333,1.203947,0.000000
347, 12509, 2.389560, 2.503158, 0.829776, 0.016996, 0.502918,0.001883,0.827893,0.008850,0.008146,-1.144857,3.389250,1.135898,1.175282,0.000000
348, 9426, 2.383832, 2.493422, 2.257959, 0.020021, 0.266921,0.002721,2.255238,0.010265,0.009756,-1.131993,3.392566,1.170470,1.156587,0.000000
349, 9224, 2.557242, 2.495989, 2.433807, 0.014128, 0.204250,0.001180,2.432626,0.007403,0.006725,-1.126070,3.390944,1.187677,1.143453,0.000000
350, 9389, 2.900415, 2.498882, 2.431260, 0.010104, 0.187134,0.000810,2.430451,0.004971,0.005133,-1.135906,3.390936,1.184421,1.136891,0.000000
351, 13188, 2.701092, 2.502123, 1.934060, 0.015284, 0.153094,0.001102,1.932959,0.007271,0.008013,-1.150088,3.395623,1.177358,1.134636,0.000000
352, 18732, 2.624173, 2.505125, 1.540467, 0.016589, 0.259182,0.001288,1.539179,0.008360,0.008229,-1.150214,3.396541,1.162735,1.150240,0.000000
353, 22135, 2.738468, 2.501739, 1.374884, 0.017382, 0.408945,0.001622,1.373262,0.008771,0.008611,-1.138211,3.391819,1.153584,1.166676,0.000000
354, 21311, 2.394679, 2.497959, 1.095376, 0.018691, 0.421238,0.002074,1.093302,0.009221,0.009470,-1.129838,3.396263,1.168974,1.164044,0.000000
355, 18186, 2.393874, 2.501430, 1.038208, 0.013094, 0.445178,0.001062,1.037145,0.006851,0.006244,-1.105276,3.388497,1.182951,1.166543,0.000000
356, 15233, 2.557999, 2.505153, 1.125959, 0.014795, 0.391518,0.001373,1.124586,0.007626,0.007169,-1.098848,3.377754,1.168018,1.177081,0.000000
357, 14560, 2.713187, 2.507349, 1.128975, 0.015253, 0.412843,0.001496,1.127479,0.007381,0.007873,-1.114826,3.378399,1.144903,1.185126,0.000000
358, 14148, 2.557252, 2.506432, 0.950410, 0.017433, 0.450664,0.001461,0.948949,0.008779,0.008654,-1.109103,3.376929,1.125967,1.208503,0.000000
359, 12204, 2.410521, 2.502704, 0.800906, 0.017770, 0.512619,0.002323,0.798583,0.008795,0.008975,-1.100651,3.364942,1.106668,1.224210,0.000000
360, 9064, 2.372132, 2.498124, 2.251243, 0.018154, 0.267542,0.002027,2.249217,0.009442,0.008712,-1.107073,3.361994,1.101814,1.219673,0.000000
361, 8853, 2.526940, 2.498475, 2.404588, 0.011279, 0.184231,0.001654,2.402935,0.005595,0.005684,-1.100809,3.357044,1.087677,1.235173,0.000000
362, 9057, 2.932649, 2.497184, 2.397409, 0.008832, 0.197306,0.001797,2.395611,0.004695,0.004137,-1.101418,3.352402,1.060140,1.257662,0.000000
363, 12666, 2.707643, 2.497395, 1.942572, 0.015048, 0.144955,0.002142,1.940430,0.007496,0.007552,-1.103845,3.350778,1.073435,1.240123,0.000000
364, 18195, 2.622863, 2.495356, 1.533910, 0.016251, 0.252927,0.002234,1.531676,0.007662,0.008589,-1.103185,3.357660,1.090241,1.230831,0.000000
365, 21504, 2.754650, 2.500698, 1.381577, 0.015888, 0.406064,0.002000,1.379577,0.007735,0.008153,-1.098834,3.361168,1.108631,1.220179,0.000000
366, 20662, 2.415739, 2.504985, 1.121187, 0.016644, 0.421498,0.001805,1.119382,0.008335,0.008310,-1.101847,3.367181,1.119730,1.212094,0.000000
367, 17647, 2.380405, 2.500992, 1.058895, 0.012361, 0.432651,0.001532,1.057363,0.005954,0.006407,-1.092340,3.362104,1.127501,1.208553,0.000000
368, 15033, 2.571010, 2.495443, 1.156201, 0.013298, 0.379698,0.001134,1.155067,0.006458,0.006840,-1.089375,3.361357,1.137342,1.200803,0.000000
369, 14658, 2.726770, 2.496862, 1.158825, 0.014256, 0.405717,0.001328,1.157497,0.007148,0.007108,-1.103009,3.362031,1.158313,1.166634,0.000000
370, 14504, 2.540058, 2.500207, 0.958280, 0.018767, 0.442499,0.001354,0.956927,0.009077,0.009690,-1.110360,3.370516,1.180014,1.146013,0.000000
371, 12693, 2.415899, 2.499409, 0.804075, 0.018156, 0.505082,0.001582,0.802493,0.009221,0.008935,-1.107284,3.372522,1.186678,1.144407,0.000000
372, 9495, 2.406635, 2.503107, 2.236663, 0.017684, 0.272670,0.002028,2.234635,0.008759,0.008925,-1.068745,3.345588,1.180175,1.161986,0.000000
373, 9220, 2.545879, 2.505748, 2.425391, 0.014849, 0.195662,0.001926,2.423465,0.007819,0.007030,-1.042882,3.326152,1.189285,1.158761,0.000000
374, 9472, 2.911634, 2.498733, 2.400975, 0.012107, 0.188767,0.001090,2.399885,0.006077,0.006030,-1.019548,3.318120,1.189325,1.173857,0.000000
375, 13217, 2.714307, 2.495877, 1.951064, 0.012287, 0.148521,0.001504,1.949561,0.005983,0.006304,-1.044178,3.339260,1.176430,1.183887,0.000000
376, 18774, 2.632577, 2.496911, 1.522135, 0.013373, 0.248269,0.001628,1.520507,0.006175,0.007198,-1.069502,3.355258,1.172325,1.179068,0.000000
377, 22295, 2.755954, 2.498677, 1.345494, 0.014604, 0.410047,0.001102,1.344392,0.007209,0.007395,-1.072554,3.351798,1.170294,1.174523,0.000000
378, 21253, 2.426152, 2.502988, 1.083915, 0.016331, 0.427610,0.001324,1.082590,0.008020,0.008311,-1.075162,3.352999,1.171380,1.172045,0.000000
379, 18124, 2.382973, 2.501379, 1.023901, 0.014280, 0.446535,0.001490,1.022411,0.007204,0.007076,-1.060991,3.345126,1.169211,1.180364,0.000000
380, 15204, 2.544528, 2.500132, 1.116847, 0.014051, 0.390095,0.001450,1.115397,0.007049,0.007002,-1.046705,3.331127,1.153964,1.195753,0.000000
381, 14500, 2.707172, 2.502483, 1.123706, 0.013822, 0.421862,0.001604,1.122102,0.007153,0.006669,-1.064858,3.334279,1.137078,1.197888,0.000000
382, 13856, 2.511692, 2.500505, 0.933419, 0.017433, 0.446594,0.001622,0.931797,0.009007,0.008426,-1.069833,3.344984,1.134015,1.206966,0.000000
383, 12015, 2.413899, 2.497794, 0.805364, 0.016343, 0.504453,0.001140,0.804224,0.008779,0.007565,-1.065914,3.350928,1.140671,1.210243,0.000000
384, 9053, 2.398763, 2.507677, 2.254930, 0.015931, 0.257594,0.001857,2.253073,0.008684,0.007247,-1.057633,3.344605,1.150007,1.202617,0.000000
385, 9019, 2.555827, 2.508260, 2.398532, 0.014556, 0.200687,0.002071,2.396462,0.007235,0.007320,-1.046905,3.329187,1.127178,1.220659,0.000000
386, 9130, 2.911281, 2.506243, 2.382279, 0.009975, 0.194633,0.001781,2.380498,0.004981,0.004994,-1.040671,3.322521,1.108179,1.239291,0.000000
387, 12527, 2.722918, 2.506506, 1.969794, 0.017365, 0.153508,0.003124,1.966670,0.008554,0.008812,-1.037289,3.334664,1.116971,1.246216,0.000000
388, 17708, 2.653490, 2.504631, 1.570555, 0.014682, 0.239779,0.001768,1.568787,0.007224,0.007458,-1.052643,3.350188,1.126647,1.236955,0.000000
389, 21265, 2.769668, 2.505102, 1.392354, 0.016233, 0.403433,0.002181,1.390173,0.008081,0.008152,-1.055013,3.344264,1.127596,1.227557,0.000000
390, 20507, 2.431950, 2.500171, 1.126895, 0.017830, 0.419125,0.001502,1.125393,0.009028,0.008802,-1.061281,3.336795,1.116620,1.224736,0.000000
391, 17667, 2.396842, 2.496802, 1.049525, 0.015104, 0.439124,0.002582,1.046943,0.007636,0.007468,-1.057299,3.335065,1.102406,1.241327,0.000000
392, 15017, 2.559033, 2.502630, 1.130923, 0.013614, 0.382833,0.002353,1.128570,0.006998,0.006617,-1.056375,3.336415,1.083122,1.263139,0.000000
393, 14604, 2.709395, 2.503424, 1.133054, 0.015165, 0.418447,0.001662,1.131392,0.007156,0.008009,-1.051578,3.334719,1.094167,1.255033,0.000000
394, 14084, 2.521727, 2.503124, 0.954683, 0.018952, 0.447458,0.002237,0.952446,0.009376,0.009576,-1.058030,3.345808,1.116951,1.236882,0.000000
395, 12135, 2.422497, 2.507540, 0.830743, 0.016697, 0.507540,0.002174,0.828569,0.007992,0.008706,-1.056585,3.344971,1.125206,1.229123,0.000000
396, 8973, 2.403321, 2.503733, 2.269953, 0.017951, 0.273376,0.001874,2.268080,0.008727,0.009224,-1.049931,3.353594,1.165914,1.203440,0.000000
397, 8675, 2.553314, 2.497291, 2.455120, 0.014198, 0.188703,0.000562,2.454558,0.006840,0.007358,-1.030853,3.341668,1.183266,1.192778,0.000000
398, 8999, 2.917102, 2.500056, 2.417641, 0.011670, 0.188688,0.000842,2.416799,0.005433,0.006237,-1.033888,3.339129,1.189520,1.180814,0.000000
399, 12507, 2.728792, 2.500919, 1.982034, 0.016998, 0.154953,0.001415,1.980619,0.008224,0.008774,-1.050830,3.351322,1.165215,1.200921,0.000000
400, 17816, 2.628087, 2.500000, 1.546080, 0.014338, 0.241132,0.001896,1.544184,0.006996,0.007341,-1.041455,3.348545,1.166108,1.206559,0.000000
401, 21267, 2.748060, 2.500306, 1.351316, 0.015894, 0.410401,0.001831,1.349484,0.007925,0.007970,-1.030987,3.336904,1.160023,1.211273,0.000000
402, 20230, 2.429263, 2.499901, 1.104084, 0.016948, 0.423381,0.002267,1.101818,0.008610,0.008338,-1.026478,3.334227,1.160724,1.212338,0.000000
403, 17489, 2.385900, 2.504260, 1.048159, 0.013917, 0.433015,0.002314,1.045845,0.006711,0.007206,-1.023358,3.338964,1.163972,1.217027,0.000000
404, 14884, 2.565641, 2.506114, 1.144058, 0.015763, 0.394316,0.001535,1.142522,0.007827,0.007936,-1.022015,3.340206,1.171584,1.211944,0.000000
405, 14132, 2.721342, 2.498019, 1.166472, 0.015652, 0.415935,0.001761,1.164711,0.007718,0.007934,-1.041728,3.341097,1.135648,1.229468,0.000000
406, 13667, 2.516792, 2.496963, 0.973888, 0.018253, 0.439965,0.001953,0.971935,0.009053,0.009200,-1.049187,3.344389,1.106476,1.254877,0.000000
407, 11919, 2.420841, 2.498364, 0.856955, 0.016216, 0.496266,0.001729,0.855226,0.008128,0.008089,-1.040157,3.349713,1.107900,1.267929,0.000000
408, 9144, 2.427275, 2.501203, 2.269801, 0.016366, 0.266076,0.002402,2.267399,0.008111,0.008255,-1.022830,3.349480,1.106214,1.286741,0.000000
409, 9020, 2.568293, 2.500111, 2.435269, 0.011087, 0.195233,0.001515,2.433754,0.005273,0.005814,-0.997198,3.325667,1.086748,1.307707,0.000000
410, 9376, 2.883426, 2.497974, 2.365076, 0.009286, 0.192513,0.001041,2.364035,0.004568,0.004717,-0.997825,3.308911,1.055905,1.321118,0.000000
411, 12911, 2.691891, 2.496244, 1.931709, 0.016198, 0.168074,0.002567,1.929143,0.008171,0.008027,-1.020279,3.326918,1.062974,1.309929,0.000000
412, 17997, 2.623104, 2.496972, 1.546798, 0.015061, 0.247930,0.002336,1.544462,0.007640,0.007421,-1.036924,3.348094,1.082243,1.295458,0.000000
413, 21647, 2.724073, 2.500439, 1.356931, 0.014779, 0.398439,0.002125,1.354806,0.007316,0.007463,-1.034085,3.347362,1.089048,1.290668,0.000000
414, 20941, 2.429492, 2.499833, 1.089999, 0.017990, 0.427964,0.001673,1.088325,0.009020,0.008970,-1.034025,3.347965,1.082578,1.297889,0.000000
415, 17857, 2.394747, 2.499076, 1.030739, 0.012220, 0.441228,0.000995,1.029745,0.005914,0.006306,-1.043824,3.350613,1.065285,1.308281,0.000000
416, 15151, 2.534156, 2.500033, 1.106232, 0.012961, 0.387763,0.000888,1.105344,0.006054,0.006907,-1.050461,3.353423,1.067506,1.302267,0.000000
417, 14504, 2.700221, 2.499586, 1.122795, 0.014630, 0.420780,0.001276,1.121519,0.007135,0.007496,-1.057050,3.362416,1.091453,1.280658,0.000000
418, 13918, 2.516597, 2.508335, 0.955976, 0.018694, 0.445035,0.001717,0.954259,0.009164,0.009529,-1.071117,3.380243,1.111492,1.264562,0.000000
419, 12092, 2.420609, 2.497602, 0.840685, 0.016629, 0.504466,0.001698,0.838987,0.008457,0.008172,-1.074216,3.386433,1.135890,1.243121,0.000000
420, 9143, 2.377666, 2.493164, 2.277915, 0.019948, 0.262168,0.002174,2.275742,0.009784,0.010164,-1.063529,3.384051,1.159178,1.227827,0.000000
421, 8998, 2.569460, 2.495777, 2.485691, 0.015502, 0.197266,0.001554,2.484137,0.007358,0.008144,-1.064606,3.374265,1.169037,1.206757,0.000000
422, 9190, 2.926442, 2.492274, 2.468905, 0.011747, 0.189989,0.001316,2.467589,0.005746,0.006000,-1.063673,3.380323,1.180125,1.202679,0.000000
423, 13032, 2.681783, 2.489411, 1.964614, 0.016907, 0.150629,0.001492,1.963122,0.008619,0.008289,-1.067491,3.386063,1.167183,1.217823,0.000000
424, 18787, 2.592591, 2.492575, 1.508989, 0.016471, 0.253473,0.001516,1.507473,0.008191,0.008280,-1.068465,3.378277,1.141776,1.234573,0.000000
425, 22453, 2.701822, 2.493074, 1.328870, 0.018115, 0.414288,0.001853,1.327016,0.008888,0.009227,-1.065130,3.369237,1.132273,1.238269,0.000000
426, 21595, 2.383329, 2.495300, 1.066326, 0.018398, 0.426071,0.001966,1.064360,0.008903,0.009495,-1.073999,3.371805,1.127162,1.237188,0.000000
427, 18547, 2.350084, 2.498140, 1.001026, 0.012086, 0.448806,0.000811,1.000215,0.005835,0.006251,-1.084545,3.378663,1.124068,1.236782,0.000000
428, 15368, 2.519716, 2.501432, 1.095507, 0.012690, 0.399922,0.000778,1.094729,0.005877,0.006813,-1.075406,3.384001,1.117815,1.257721,0.000000
429, 14495, 2.686168, 2.505209, 1.122597, 0.013067, 0.420145,0.001203,1.121394,0.006446,0.006621,-1.089790,3.391630,1.084461,1.284868,0.000000
430, 13857, 2.505665, 2.504150, 0.944902, 0.016030, 0.444541,0.001899,0.943003,0.007421,0.008610,-1.096568,3.395005,1.056582,1.309736,0.000000
431, 11872, 2.445249, 2.498063, 0.836848, 0.016177, 0.510361,0.001581,0.835266,0.007461,0.008716,-1.095293,3.386776,1.056502,1.302669,0.000000
432, 8778, 2.424129, 2.493393, 2.321248, 0.015562, 0.264069,0.001333,2.319914,0.006888,0.008674,-1.087683,3.379387,1.061941,1.297219,0.000000
433, 8504, 2.592310, 2.492827, 2.523398, 0.009734, 0.188382,0.000658,2.522740,0.004712,0.005022,-1.071639,3.368769,1.081441,1.282685,0.000000
434, 8901, 2.899225, 2.493203, 2.426727, 0.011726, 0.185372,0.000917,2.425810,0.005377,0.006349,-1.046248,3.369943,1.083939,1.306780,0.000000
435, 12621, 2.681166, 2.497742, 1.943317, 0.012867, 0.154980,0.000899,1.942418,0.006894,0.005973,-1.056756,3.372336,1.088498,1.294100,0.000000
436, 18177, 2.581669, 2.500468, 1.524673, 0.015432, 0.253562,0.000754,1.523920,0.008172,0.007259,-1.081543,3.381154,1.086557,1.280278,0.000000
437, 21784, 2.686605, 2.498439, 1.344879, 0.016234, 0.404471,0.001145,1.343735,0.007974,0.008261,-1.073914,3.372944,1.086653,1.279413,0.000000
438, 20864, 2.401553, 2.500527, 1.102771, 0.015408, 0.426189,0.001252,1.101519,0.007687,0.007721,-1.068591,3.370169,1.091964,1.276529,0.000000
439, 17841, 2.365562, 2.504680, 1.034473, 0.012214, 0.433832,0.000563,1.033910,0.006020,0.006194,-1.062866,3.377256,1.100599,1.280783,0.000000
440, 15182, 2.545646, 2.503754, 1.123279, 0.009458, 0.385786,0.000882,1.122397,0.004664,0.004794,-1.044898,3.378944,1.114810,1.286124,0.000000
441, 14603, 2.717798, 2.500993, 1.141804, 0.014714, 0.419434,0.002033,1.139771,0.007092,0.007623,-1.045131,3.373218,1.114141,1.280704,0.000000
442, 14112, 2.531108, 2.499150, 0.950333, 0.017295, 0.445011,0.001655,0.948678,0.008358,0.008937,-1.065323,3.383895,1.119353,1.266152,0.000000
443, 12214, 2.420337, 2.505076, 0.806933, 0.014902, 0.514983,0.001859,0.805074,0.007229,0.007673,-1.083197,3.396869,1.133857,1.246872,0.000000
444, 8965, 2.376687, 2.506414, 2.241604, 0.016188, 0.277412,0.001470,2.240134,0.008187,0.008001,-1.093439,3.407703,1.142559,1.238911,0.000000
445, 8570, 2.526488, 2.505484, 2.438065, 0.015050, 0.198366,0.001624,2.436441,0.007413,0.007637,-1.085186,3.394708,1.115599,1.261135,0.000000
446, 8626, 2.952817, 2.503130, 2.439674, 0.012484, 0.192789,0.001378,2.438297,0.006062,0.006422,-1.081147,3.382179,1.106174,1.261883,0.000000
447, 12180, 2.712479, 2.497291, 1.958016, 0.020276, 0.157553,0.001826,1.956190,0.009341,0.010935,-1.102490,3.386986,1.107040,1.244563,0.000000
448, 17516, 2.607559, 2.496517, 1.545518, 0.016894, 0.246974,0.001599,1.543918,0.007854,0.009040,-1.107763,3.398297,1.115685,1.242123,0.000000
449, 21016, 2.729064, 2.492958, 1.381988, 0.016447, 0.408593,0.001422,1.380566,0.008023,0.008424,-1.098482,3.393215,1.120219,1.241625,0.000000
450, 20145, 2.391859, 2.491735, 1.125782, 0.019217, 0.423380,0.001909,1.123872,0.009296,0.009921,-1.099761,3.393330,1.110792,1.249997,0.000000
451, 17234, 2.365614, 2.498375, 1.073282, 0.014522, 0.434490,0.001561,1.071721,0.006646,0.007877,-1.099238,3.390832,1.092323,1.266642,0.000000
452, 14742, 2.541446, 2.496947, 1.175478, 0.013287, 0.371727,0.000643,1.174835,0.006084,0.007203,-1.099322,3.387720,1.092096,1.263600,0.000000
453, 14681, 2.710033, 2.497991, 1.180876, 0.017647, 0.402765,0.001224,1.179652,0.008456,0.009191,-1.103886,3.385322,1.087503,1.261222,0.000000
454, 14771, 2.515470, 2.499492, 0.972307, 0.019557, 0.432469,0.001319,0.970989,0.009534,0.010023,-1.106739,3.384039,1.084477,1.260114,0.000000
455, 13313, 2.386840, 2.502066, 0.810231, 0.018477, 0.500413,0.000697,0.809534,0.009375,0.009102,-1.097819,3.384638,1.078862,1.275336,0.000000
456, 10183, 2.362663, 2.502995, 2.198218, 0.017683, 0.276245,0.001229,2.196990,0.008564,0.009119,-1.084320,3.385539,1.062295,1.306528,0.000000
457, 9935, 2.527126, 2.505888, 2.375104, 0.014412, 0.200503,0.000798,2.374306,0.007016,0.007396,-1.075615,3.367296,1.058379,1.300523,0.000000
458, 10076, 2.913557, 2.505657, 2.367711, 0.010880, 0.203454,0.000769,2.366942,0.004885,0.005995,-1.059859,3.353353,1.057297,1.303114,0.000000
459, 13656, 2.733084, 2.497583, 1.957977, 0.014663, 0.156927,0.002044,1.955933,0.007412,0.007251,-1.060773,3.355392,1.053709,1.307916,0.000000
460, 19286, 2.640309, 2.498807, 1.530165, 0.014054, 0.247641,0.001620,1.528545,0.006797,0.007257,-1.078842,3.367979,1.051441,1.305010,0.000000
461, 22987, 2.755819, 2.499195, 1.347672, 0.016366, 0.412712,0.001308,1.346364,0.008163,0.008203,-1.087191,3.380421,1.054136,1.306665,0.000000
462, 21914, 2.429953, 2.499224, 1.084172, 0.017664, 0.432007,0.001727,1.082445,0.008612,0.009052,-1.091996,3.384890,1.045805,1.314857,0.000000
463, 18761, 2.357071, 2.496242, 0.992941, 0.013728, 0.445978,0.001101,0.991840,0.006714,0.007014,-1.094110,3.381830,1.035821,1.319705,0.000000
464, 15679, 2.521398, 2.492123, 1.059021, 0.013333, 0.404745,0.001437,1.057584,0.006670,0.006663,-1.099178,3.389883,1.038194,1.320478,0.000000
465, 14746, 2.678964, 2.489353, 1.065908, 0.013949, 0.428591,0.001316,1.064592,0.006639,0.007310,-1.101374,3.390329,1.044263,1.312597,0.000000
466, 14108, 2.477105, 2.496669, 0.871649, 0.018124, 0.458251,0.001044,0.870605,0.009012,0.009113,-1.114284,3.398102,1.058308,1.293427,0.000000
467, 11909, 2.392644, 2.503569, 0.750332, 0.016778, 0.529264,0.001857,0.748475,0.007926,0.008852,-1.114178,3.404172,1.063243,1.294757,0.000000
468, 8536, 2.363754, 2.499414, 2.228632, 0.016977, 0.277648,0.001685,2.226947,0.008111,0.008866,-1.122772,3.427767,1.064206,1.309338,0.000000
469, 8094, 2.528293, 2.498270, 2.453355, 0.012415, 0.203237,0.002073,2.451281,0.005982,0.006433,-1.107864,3.397781,1.031791,1.326345,0.000000
470, 7987, 2.941655, 2.494554, 2.502270, 0.011436, 0.188181,0.001239,2.501032,0.005056,0.006380,-1.097174,3.379287,1.032526,1.317366,0.000000
471, 11328, 2.724223, 2.501148, 2.039316, 0.019314, 0.137535,0.001874,2.037442,0.009626,0.009688,-1.091780,3.386017,1.051938,1.310023,0.000000
472, 16754, 2.613286, 2.498806, 1.588240, 0.014699, 0.232064,0.001171,1.587069,0.007464,0.007236,-1.102045,3.406253,1.048118,1.324331,0.000000
473, 20411, 2.730341, 2.496497, 1.406283, 0.015123, 0.403949,0.001135,1.405148,0.007288,0.007835,-1.103579,3.413266,1.040260,1.337924,0.000000
474, 19577, 2.401134, 2.501149, 1.144062, 0.017783, 0.418297,0.001980,1.142082,0.008595,0.009187,-1.112884,3.420718,1.026897,1.349754,0.000000
475, 16712, 2.391036, 2.500120, 1.094769, 0.011595, 0.427836,0.000996,1.093773,0.005450,0.006145,-1.114962,3.415447,1.020475,1.348772,0.000000
476, 14290, 2.594542, 2.494402, 1.202873, 0.011697, 0.369139,0.000834,1.202039,0.005602,0.006095,-1.096107,3.412178,1.037033,1.347553,0.000000
477, 14334, 2.739291, 2.499302, 1.194010, 0.013804, 0.396679,0.001366,1.192644,0.006566,0.007238,-1.098842,3.416417,1.041500,1.344637,0.000000
478, 14474, 2.526669, 2.502280, 0.976066, 0.016054, 0.436990,0.001171,0.974894,0.007100,0.008955,-1.125730,3.432109,1.040356,1.334946,0.000000
479, 12902, 2.387382, 2.502170, 0.822695, 0.017338, 0.504805,0.001025,0.821670,0.008188,0.009150,-1.135770,3.438453,1.027371,1.344525,0.000000
