1,1,1,1,1,1,1,1,1,1,1,1,1,1,1,1,1,1,1,1,1,1,1,1,1,1,1,1,1,1,1,1,1,1,1,1,1,1,1,1,1,1,1,1,1,1,1,1,1,2,2,2,2,2,2,2,2,2,2,2,15,17,17,17,17,17,17,17,17,17,17,17,17,17,17,15,15,15,8,8,8,8,8,8,8,8,8,8,8,8,8,8,8,8,16,16,16,16,16,16,16,16,16,16,16,16,16,16,16,16,16,16,16,16,16,16,16,16,16,16,16,16,16,16,16,16,16,16
1,1,1,1,1,1,1,1,1,1,1,1,1,1,1,1,1,1,1,1,1,1,1,1,1,1,1,1,1,1,1,1,1,1,1,1,1,1,1,1,1,1,1,1,1,1,1,1,2,2,2,2,2,2,2,2,2,2,2,2,15,17,17,17,17,17,17,17,17,17,17,17,17,17,17,15,15,15,8,8,8,8,8,8,8,8,8,8,8,8,8,8,8,8,15,16,16,16,16,16,16,16,16,16,16,16,16,16,16,16,16,16,16,16,16,16,16,16,16,16,16,16,16,16,16,16,16,16
1,1,1,1,1,1,1,1,1,1,1,1,1,1,1,1,1,1,1,1,1,1,1,1,1,1,1,1,1,1,1,1,1,1,1,1,1,1,1,1,1,1,1,1,1,1,1,2,2,2,2,2,2,2,2,2,2,2,2,2,15,17,17,17,17,17,17,17,17,17,17,17,17,17,17,15,15,15,8,8,8,8,8,8,8,8,8,8,8,8,8,8,8,8,15,15,16,15,16,16,16,16,16,16,16,16,16,16,16,16,16,16,16,16,16,16,16,16,16,16,16,16,16,16,16,16,16,16
1,1,1,1,1,1,1,1,1,1,1,1,1,1,1,1,1,1,1,1,1,1,1,1,1,1,1,1,1,1,1,1,1,1,1,1,1,1,1,1,1,1,1,1,1,1,2,2,2,2,2,2,2,2,2,2,2,2,2,2,15,17,17,17,17,17,17,17,17,17,17,17,17,17,17,15,15,15,8,8,8,8,8,8,8,8,8,8,8,8,8,8,8,8,8,8,8,8,15,15,15,16,16,16,16,16,16,16,16,16,16,16,16,16,16,16,16,16,16,16,16,16,16,16,16,16,16,16
1,1,1,1,1,1,1,1,1,1,1,1,1,1,1,1,1,1,1,1,1,1,1,1,1,1,1,1,1,1,1,1,1,1,1,1,1,1,1,1,1,1,1,1,1,2,2,2,2,2,2,2,2,2,2,2,2,2,2,2,15,17,17,17,17,17,17,17,17,17,17,17,17,17,17,17,15,15,8,8,8,8,8,8,8,8,8,8,8,8,8,8,8,8,8,8,8,8,15,15,16,16,16,16,16,16,16,16,16,16,16,16,16,16,16,16,16,16,16,16,16,16,16,16,16,16,16,16
1,1,1,1,1,1,1,1,1,1,1,1,1,1,1,1,1,1,1,1,1,1,1,1,1,1,1,1,1,1,1,1,1,1,1,1,1,1,1,1,1,1,1,1,2,2,2,2,2,2,2,2,2,2,2,2,2,2,2,2,15,17,17,17,17,17,17,17,17,17,17,17,17,17,17,17,15,15,8,8,8,8,8,8,8,8,8,8,8,8,8,8,8,8,8,8,8,8,15,15,16,16,16,16,16,16,16,16,16,16,16,16,16,16,16,16,16,16,16,16,16,16,16,16,16,16,16,16
1,1,1,1,1,1,1,1,1,1,1,1,1,1,1,1,1,1,1,1,1,1,1,1,1,1,1,1,1,1,1,1,1,1,1,1,1,1,1,1,1,1,1,2,2,2,2,2,2,2,2,2,2,2,2,2,2,2,2,2,15,17,17,17,17,17,17,17,17,17,17,17,17,17,15,17,15,15,8,8,8,8,8,8,8,8,8,8,8,8,8,8,8,8,8,8,8,8,15,15,15,16,16,16,16,16,16,16,16,16,16,16,16,16,16,16,16,16,16,16,16,16,16,16,16,16,16,16
1,1,1,1,1,1,1,1,1,1,1,1,1,1,1,1,1,1,1,1,1,1,1,1,1,1,1,1,1,1,1,1,1,1,1,1,1,1,1,1,1,1,2,2,2,2,2,2,2,2,2,2,2,2,2,2,2,2,2,2,15,17,17,17,17,17,17,17,17,17,17,17,17,15,15,17,15,15,8,8,8,8,8,8,8,8,8,8,8,8,8,8,8,8,8,8,8,8,8,15,15,15,15,16,16,16,16,16,16,16,16,16,16,16,16,16,16,16,16,16,16,16,16,16,16,16,16,16
1,1,1,1,1,1,1,1,1,1,1,16,16,16,1,1,16,16,1,1,1,1,1,1,1,1,1,1,1,1,1,1,1,1,1,1,1,1,1,1,1,2,2,2,2,2,2,2,2,2,2,2,2,2,2,2,2,2,2,2,15,17,17,17,17,17,17,17,17,17,17,17,17,15,15,17,15,15,8,8,8,8,8,8,8,8,8,8,8,8,8,8,8,8,8,8,8,8,8,15,15,16,16,16,16,16,16,16,16,16,16,16,16,16,16,16,16,16,16,16,16,16,16,16,16,16,16,16
1,1,1,1,1,1,1,1,1,1,1,16,16,16,16,16,16,16,1,1,1,1,1,1,1,1,1,1,1,1,1,1,1,1,1,1,1,1,1,1,2,2,2,2,2,2,2,2,2,2,2,2,2,2,2,2,2,2,2,2,15,17,17,17,17,17,17,17,17,17,17,17,17,15,17,17,15,15,8,8,8,8,8,8,8,8,8,8,8,8,8,8,8,8,8,8,8,8,8,15,15,16,16,16,16,16,16,16,16,16,16,16,16,16,16,16,16,15,16,16,16,16,16,16,16,16,16,16
1,1,1,1,1,1,1,1,1,1,1,16,16,16,16,16,1,1,1,1,1,1,1,1,1,1,1,1,1,1,1,1,1,1,1,1,1,1,1,2,2,2,2,2,2,2,2,2,2,2,2,2,2,2,2,2,2,2,2,2,15,15,15,17,17,17,17,17,17,17,17,17,17,15,17,17,15,15,8,8,8,8,8,8,8,8,8,8,8,8,8,8,8,8,8,8,8,8,8,15,16,16,16,16,16,16,16,16,16,16,16,16,16,16,16,16,16,15,15,16,16,16,16,16,16,16,16,16
1,1,1,1,16,1,16,16,16,16,1,16,16,16,16,16,1,1,1,1,1,1,1,1,1,1,1,1,1,1,1,1,1,1,1,1,1,1,2,2,2,2,2,2,2,2,2,2,2,2,2,2,2,2,2,2,2,2,2,2,2,2,15,17,17,17,17,17,17,17,17,17,17,17,17,17,15,15,8,8,8,8,8,8,8,8,8,8,8,8,8,8,8,8,8,8,8,8,8,15,15,15,15,16,16,16,16,15,16,16,16,16,16,16,16,15,15,15,15,16,16,16,16,16,16,16,16,16
1,1,1,1,16,16,16,16,16,16,16,16,16,16,16,16,16,1,1,1,1,1,1,1,1,1,1,1,1,1,1,1,1,1,1,1,1,2,2,2,2,2,2,2,2,2,2,2,2,2,2,2,2,2,2,2,2,2,2,2,2,2,15,17,17,17,17,17,17,17,17,17,17,17,17,17,15,15,8,8,8,8,8,8,8,8,8,8,8,8,8,8,8,8,8,8,8,8,8,15,15,15,15,16,16,16,16,15,15,16,16,16,16,16,16,15,15,15,15,15,16,16,16,16,16,16,16,16
1,1,1,1,16,16,16,16,16,16,16,16,16,16,16,16,16,16,1,1,1,1,1,1,1,1,1,1,1,1,1,1,1,1,1,1,2,2,2,2,2,2,2,2,2,2,2,2,2,2,2,2,2,2,2,2,2,2,2,2,2,2,15,17,17,17,17,17,17,17,17,17,17,17,17,17,15,15,8,8,8,8,8,8,8,8,8,8,8,8,8,8,8,8,8,8,8,8,8,8,8,8,15,15,16,15,16,15,15,16,16,16,16,16,15,15,15,15,15,15,15,16,16,16,16,16,16,16
1,1,1,1,16,16,16,16,16,16,16,16,16,16,16,16,16,16,1,1,1,1,1,1,1,1,1,1,1,1,1,1,1,1,1,2,2,2,2,2,2,2,2,2,2,2,2,2,2,2,2,2,2,2,2,2,2,2,2,2,2,2,15,17,17,17,17,17,17,17,17,17,17,17,17,17,15,15,8,8,8,8,8,8,8,8,8,8,8,8,8,8,8,8,8,8,8,8,8,8,8,8,15,15,15,15,15,15,15,16,15,15,15,16,15,15,15,15,15,15,15,16,16,16,16,16,16,16
1,16,16,1,16,16,16,16,16,16,16,16,16,16,16,16,1,1,1,1,1,1,1,1,1,1,1,1,1,1,1,1,1,1,2,2,2,2,2,2,2,2,2,2,2,2,2,2,2,2,2,2,2,2,2,2,2,2,2,2,2,2,15,17,17,17,17,17,17,17,17,17,17,17,17,17,17,15,8,8,8,8,8,8,8,8,8,8,8,8,8,8,8,8,8,8,8,8,8,8,8,8,15,15,15,15,15,15,15,15,15,16,16,15,15,15,15,15,15,15,15,16,16,16,16,16,16,16
1,16,16,16,16,16,16,16,16,16,16,16,16,16,16,16,1,1,1,1,1,1,1,1,1,1,1,1,1,1,1,1,1,2,2,2,2,2,2,2,2,2,2,2,2,2,2,2,2,2,2,2,2,2,2,2,2,2,2,2,2,2,15,17,17,17,17,17,17,17,17,17,17,17,17,17,17,15,15,15,15,15,15,15,15,15,15,8,8,8,8,8,8,8,8,8,8,8,8,8,8,8,8,8,9,9,9,9,9,9,9,9,9,9,9,9,9,9,9,9,9,16,16,16,16,16,16,16
16,16,16,16,16,16,16,16,16,16,16,16,16,16,16,16,1,1,1,1,1,1,1,1,1,1,1,1,1,1,1,1,2,2,2,2,2,2,2,2,2,2,2,2,2,2,2,2,2,2,2,2,2,2,2,2,2,2,2,2,2,2,15,17,17,17,17,17,17,17,17,17,17,17,17,17,17,15,15,15,15,16,15,15,15,15,15,8,8,8,8,8,8,8,8,8,8,8,8,8,8,8,8,8,9,9,9,9,9,9,9,9,9,9,9,9,9,9,9,9,9,9,9,9,16,16,16,16
16,16,16,16,16,16,16,16,16,16,16,16,16,16,1,1,1,1,1,1,1,1,1,1,1,1,1,1,1,1,1,2,2,2,2,2,2,2,2,2,2,2,2,2,2,2,2,2,2,2,2,2,2,2,2,2,2,2,2,2,2,2,15,15,15,17,17,17,17,17,17,17,17,17,17,17,17,17,15,15,15,16,15,15,15,15,15,8,8,8,8,8,8,8,8,8,8,8,8,8,8,8,8,8,9,9,9,9,9,9,9,9,9,9,9,9,9,9,9,9,9,9,9,9,16,16,16,16
16,16,16,16,16,16,16,16,16,16,16,16,16,16,16,16,1,1,1,1,1,1,1,1,1,1,1,1,1,1,2,2,2,2,2,2,2,2,2,2,2,2,2,2,2,2,2,2,2,2,2,2,2,2,2,2,2,2,2,2,2,2,15,15,15,17,17,17,17,17,17,17,17,17,17,17,17,17,17,15,15,16,15,16,15,15,15,8,8,8,8,8,8,8,8,8,8,8,8,8,8,8,8,8,9,9,9,9,9,9,9,9,9,9,9,9,9,9,9,9,9,9,9,9,9,9,16,16
16,16,16,16,16,16,16,16,16,16,16,16,16,16,16,16,16,1,1,1,1,1,1,1,1,1,1,1,1,2,2,2,2,2,2,2,2,2,2,2,2,2,2,2,2,2,2,2,2,2,2,2,2,2,2,2,2,2,2,2,2,2,15,15,15,17,17,17,17,17,17,17,17,17,17,17,17,17,17,15,16,16,16,16,15,15,15,8,8,8,8,8,8,8,8,8,8,8,8,8,8,8,8,8,9,9,9,9,9,9,9,9,9,9,9,9,9,9,9,9,9,9,9,9,9,9,16,15
16,16,16,16,16,16,16,16,16,16,16,16,16,16,16,16,16,1,1,1,1,1,1,1,1,1,1,1,2,2,2,2,2,2,2,2,2,2,2,2,2,2,2,2,2,2,2,2,2,2,2,2,2,2,2,2,2,2,2,2,2,2,15,15,15,17,17,17,17,17,17,17,17,17,17,17,17,17,17,15,16,16,16,16,16,15,15,8,8,8,8,8,8,8,8,8,8,8,8,8,8,8,8,8,9,9,9,9,9,9,9,9,9,9,9,9,9,9,9,9,9,9,9,9,9,9,9,9
16,16,16,16,16,16,16,16,16,16,16,16,16,16,16,16,1,1,1,1,1,1,1,1,1,1,1,2,2,2,2,2,2,2,2,2,2,2,2,2,2,2,2,2,2,2,2,2,2,2,2,2,2,2,2,2,2,2,2,2,2,2,2,15,15,17,17,17,17,17,17,17,17,17,17,17,17,17,17,16,16,16,16,16,16,15,15,8,8,8,8,8,8,8,8,8,8,8,8,8,8,8,8,8,9,9,9,9,9,9,9,9,9,9,9,9,9,9,9,9,9,9,9,9,9,9,9,9
16,16,16,16,16,16,16,16,16,16,16,16,16,16,1,1,1,1,1,1,1,1,1,1,1,1,2,2,2,2,2,2,2,2,2,2,2,2,2,2,2,2,2,2,2,2,2,2,2,2,2,2,2,2,2,2,2,2,2,2,2,2,2,15,15,17,17,17,17,17,17,17,17,17,17,17,17,17,17,16,16,16,15,15,15,15,15,8,8,8,8,8,8,8,8,8,8,8,8,8,8,8,8,8,9,9,9,9,9,9,9,9,9,9,9,9,9,9,9,9,9,9,9,9,9,9,9,9
16,16,16,16,16,16,16,16,16,16,16,16,16,16,1,1,1,1,1,1,1,1,1,1,1,2,2,2,2,2,2,2,2,2,2,2,2,2,2,2,2,2,2,2,2,2,2,2,2,2,2,2,2,2,2,2,2,2,2,2,2,2,2,15,15,17,17,17,17,17,17,17,17,17,17,17,17,17,17,17,16,16,16,15,15,15,15,15,15,15,15,8,8,8,8,8,8,8,8,8,8,8,8,8,9,9,9,9,9,9,9,9,9,9,9,9,9,9,9,9,9,9,9,9,9,9,9,9
16,16,16,16,16,16,16,16,16,3,3,3,16,3,3,3,3,3,3,3,3,3,3,3,3,3,3,3,3,3,3,3,3,3,3,3,3,3,3,3,3,3,3,3,3,3,3,3,3,3,3,3,3,3,2,2,2,2,15,15,15,15,15,15,15,17,17,17,17,17,17,17,17,17,17,17,17,17,17,17,16,16,16,15,16,15,16,15,16,15,15,8,8,8,8,8,8,8,8,8,8,8,8,8,9,9,9,9,9,9,9,9,9,9,9,9,9,9,9,9,9,9,9,9,9,9,9,9
16,16,16,16,16,16,16,16,3,3,3,3,3,3,3,3,3,3,3,3,3,3,3,3,3,3,3,3,3,3,3,3,3,3,3,3,3,3,3,3,3,3,3,3,3,3,3,3,3,3,3,3,3,3,2,2,2,2,15,15,15,16,16,15,15,17,17,17,17,17,17,17,17,17,17,17,17,17,17,17,16,16,16,15,16,16,15,16,16,15,16,15,8,8,8,8,8,8,8,8,8,8,8,8,9,9,9,9,9,9,9,9,9,9,9,9,9,9,9,9,9,9,9,9,9,9,9,9
16,16,16,16,16,16,16,16,16,3,3,3,3,3,3,3,3,3,3,3,3,3,3,3,3,3,3,3,3,3,3,3,3,3,3,3,3,3,3,3,3,3,3,3,3,3,3,3,3,3,3,3,3,15,15,15,15,15,15,16,16,16,16,15,15,15,17,17,17,17,17,17,17,17,17,17,17,17,17,17,16,16,16,16,16,16,16,16,16,16,15,15,8,8,8,8,8,8,8,8,8,8,8,8,9,9,9,9,9,9,9,9,9,9,9,9,9,9,9,9,9,9,9,9,9,9,9,9
16,16,16,16,16,16,16,16,3,3,3,3,3,3,3,3,3,3,3,3,3,3,3,3,3,3,3,3,3,3,3,3,3,3,3,3,3,3,3,3,3,3,3,3,3,3,3,3,3,3,3,3,3,15,15,16,16,16,16,16,16,16,16,15,15,15,15,17,17,17,17,17,17,17,17,17,17,17,17,17,17,16,16,16,16,16,16,16,16,16,16,15,15,15,15,15,8,8,8,8,8,8,8,8,9,9,9,9,9,9,9,9,9,9,9,9,9,9,9,9,9,9,9,9,9,9,9,9
16,16,16,16,16,16,16,16,3,3,3,3,3,3,3,3,3,3,3,3,3,3,3,3,3,3,3,3,3,3,3,3,3,3,3,3,3,3,3,3,3,3,3,3,3,3,3,3,3,3,3,3,3,15,16,16,16,16,16,16,16,16,16,15,15,15,15,17,17,17,17,17,17,17,17,17,17,17,17,17,17,16,16,16,16,16,16,16,16,16,16,16,15,16,15,15,8,8,8,8,8,8,8,8,9,9,9,9,9,9,9,9,9,9,9,9,9,9,9,9,9,9,9,9,9,9,9,9
16,16,16,16,16,16,16,16,16,3,3,3,3,3,3,3,3,3,3,3,3,3,3,3,3,3,3,3,3,3,3,3,3,3,3,3,3,3,3,3,3,3,3,3,3,3,3,3,3,3,3,3,3,15,16,16,16,16,16,16,16,16,16,16,15,15,15,17,17,17,17,17,17,17,17,17,17,17,17,17,17,17,16,16,16,16,16,16,16,16,16,16,16,16,16,15,8,8,8,8,8,8,8,8,9,9,9,9,9,9,9,9,9,9,9,9,9,9,9,9,9,9,9,9,9,9,9,9
16,16,16,16,16,16,16,16,3,3,3,3,3,3,3,3,3,3,3,3,3,3,3,3,3,3,3,3,3,3,3,3,3,3,3,3,3,3,3,3,3,3,3,3,3,3,3,3,3,15,15,15,15,15,16,16,16,16,16,16,16,16,16,16,15,15,15,17,17,17,17,17,17,17,17,17,17,17,17,17,17,17,17,16,16,16,16,16,16,16,16,16,16,16,16,16,15,16,15,15,15,15,15,15,9,9,9,9,9,9,9,9,9,9,9,9,9,9,9,9,9,9,9,9,9,9,9,9
16,16,16,16,16,16,16,16,3,3,3,3,3,3,3,3,3,3,3,3,3,3,3,3,3,3,3,3,3,3,3,3,3,3,3,3,3,3,3,3,3,3,3,3,3,3,3,3,15,15,15,16,16,16,16,16,16,16,16,16,16,16,16,16,15,15,15,15,15,15,17,17,17,17,17,17,17,17,17,17,17,17,17,17,16,16,16,16,16,16,16,16,16,16,16,16,16,16,15,15,15,15,15,15,9,9,9,9,9,9,9,9,9,9,9,9,9,9,9,9,9,9,9,9,9,9,9,9
16,16,16,16,16,16,16,16,3,3,3,3,3,3,3,3,3,3,3,3,3,3,3,3,3,3,3,3,3,3,3,3,3,3,3,3,3,3,3,3,3,3,3,3,3,3,3,15,15,15,16,16,16,16,16,16,16,16,16,16,16,16,16,16,15,15,15,15,15,15,17,17,17,17,17,17,17,17,17,17,17,17,17,17,16,16,16,16,16,16,16,16,16,16,16,16,16,16,16,15,16,15,15,15,9,9,9,9,9,9,9,9,9,9,9,9,9,9,9,9,9,9,9,9,9,9,9,9
16,16,16,16,16,16,16,16,16,3,3,3,3,3,3,3,3,3,3,3,3,3,3,3,3,3,3,3,3,3,3,3,3,3,3,3,3,3,3,3,3,3,3,3,3,3,3,15,15,15,16,16,16,16,16,16,16,16,16,16,16,16,16,16,16,15,15,15,15,15,17,17,17,17,17,17,17,17,17,17,17,17,17,17,17,16,16,16,16,16,16,16,16,16,16,16,16,16,16,16,15,15,15,15,9,9,9,9,9,9,9,9,9,9,9,9,9,9,9,9,9,9,9,9,9,9,9,9
16,16,16,16,16,16,16,16,16,16,3,3,3,3,3,3,3,3,3,3,3,3,3,3,3,3,3,3,3,3,3,3,3,3,3,3,3,3,3,3,3,3,3,3,3,3,3,15,15,16,16,16,16,16,16,16,16,16,16,16,16,16,16,16,16,15,15,15,15,15,17,17,17,17,17,17,17,17,17,17,17,17,17,17,17,16,16,16,16,16,10,10,16,16,16,16,16,16,16,16,16,16,15,15,9,9,9,9,9,9,9,9,9,9,9,9,9,9,9,9,9,9,9,9,9,9,9,9
16,16,16,16,16,16,16,16,16,16,16,3,3,3,3,3,3,3,3,3,3,3,3,3,3,3,3,3,3,3,3,3,3,3,3,3,3,3,3,3,3,3,3,3,3,3,3,15,15,16,16,16,16,16,16,16,16,16,16,16,16,16,16,16,16,16,16,15,15,15,17,17,17,17,17,17,17,17,17,17,17,17,17,17,17,16,16,16,16,16,16,10,10,16,16,16,16,16,16,16,16,15,15,15,9,9,9,9,9,9,9,9,9,9,9,9,9,9,9,9,9,9,9,9,9,9,9,9
16,16,16,16,16,16,16,16,16,16,16,16,3,3,3,3,3,3,3,3,3,3,3,3,3,3,3,3,3,3,3,3,3,3,3,3,3,3,3,3,3,3,3,3,3,3,3,15,15,16,16,16,16,16,16,16,16,16,16,16,16,16,16,16,16,16,16,15,15,15,17,17,17,17,17,17,17,17,17,17,17,17,17,17,17,16,16,16,16,16,10,10,10,16,16,16,16,16,15,16,15,16,15,15,9,9,9,9,9,9,9,9,9,9,9,9,9,9,9,9,9,9,9,9,9,9,9,9
16,16,16,16,16,16,16,16,16,16,16,16,16,3,3,3,3,3,3,3,3,3,3,3,3,3,3,3,3,3,3,3,3,3,3,3,3,3,3,3,3,3,3,3,3,3,3,15,15,16,16,16,16,16,16,16,16,16,16,16,16,16,16,16,16,16,16,15,15,15,17,17,17,17,17,17,17,17,17,17,17,17,17,17,17,16,16,16,10,10,10,10,10,16,10,10,16,10,10,10,10,10,10,10,10,10,10,10,10,10,10,10,10,10,10,10,10,10,10,10,10,10,10,10,10,10,10,10
16,16,16,16,16,16,16,16,16,16,16,16,16,16,3,3,3,3,3,3,3,3,3,3,3,3,3,3,3,3,3,3,3,3,3,3,3,3,3,3,3,3,3,3,3,3,3,15,15,16,16,16,16,16,16,16,16,16,16,16,16,16,16,16,16,16,16,15,15,15,17,17,17,17,17,17,17,17,17,17,17,17,17,17,17,16,16,16,10,10,10,10,10,10,10,10,10,10,10,10,10,10,10,10,10,10,10,10,10,10,10,10,10,10,10,10,10,10,10,10,10,10,10,10,10,10,10,10
16,16,16,16,16,16,16,16,16,16,16,16,16,16,3,3,3,3,3,3,3,3,3,3,3,3,3,3,3,3,3,3,3,3,3,3,3,3,3,3,3,3,3,3,3,3,3,15,15,16,16,16,16,16,16,16,16,16,16,16,16,16,16,16,16,16,16,15,15,15,17,17,17,17,17,17,17,17,17,17,17,17,17,17,17,17,17,15,10,10,10,10,10,10,10,10,10,10,10,10,10,10,10,10,10,10,10,10,10,10,10,10,10,10,10,10,10,10,10,10,10,10,10,10,10,10,10,10
16,16,16,16,16,16,16,16,16,16,16,16,16,16,16,3,3,3,3,3,3,3,3,3,3,3,3,3,3,3,3,3,3,3,3,3,3,3,3,3,3,3,3,3,3,3,3,15,16,16,16,16,16,16,16,16,16,16,16,16,16,16,16,16,16,16,15,15,15,15,15,15,15,17,17,17,17,17,17,17,17,17,17,17,17,17,17,15,10,10,10,10,10,10,10,10,10,10,10,10,10,10,10,10,10,10,10,10,10,10,10,10,10,10,10,10,10,10,10,10,10,10,10,10,10,10,10,10
16,16,16,16,16,16,16,16,16,16,16,16,16,16,16,16,3,3,3,3,3,3,3,3,3,3,3,3,3,3,3,3,3,3,3,3,3,3,3,3,3,3,3,3,3,3,15,15,16,16,16,16,16,16,16,16,16,16,16,16,16,16,16,15,15,15,15,15,15,15,15,15,15,17,17,17,17,17,17,17,17,17,17,17,17,17,17,15,10,10,10,10,10,10,10,10,10,10,10,10,10,10,10,10,10,10,10,10,10,10,10,10,10,10,10,10,10,10,10,10,10,10,10,10,10,10,10,10
16,16,16,16,16,16,16,16,16,16,16,16,16,16,16,16,16,3,3,3,3,3,3,3,3,3,3,3,3,3,3,3,3,3,3,3,3,3,3,3,3,3,3,3,3,3,15,15,16,16,16,16,16,16,16,16,16,16,16,16,15,15,15,15,15,15,15,15,15,15,15,15,15,17,17,17,17,17,17,17,17,17,17,17,17,17,17,15,10,10,10,10,10,10,10,10,10,10,10,10,10,10,10,10,10,10,10,10,10,10,10,10,10,10,10,10,10,10,10,10,10,10,10,10,10,10,10,10
16,16,16,16,16,16,16,16,16,16,16,16,16,16,16,16,16,3,3,3,3,3,3,3,3,3,3,3,3,3,3,3,3,3,3,3,3,3,3,3,3,3,3,3,3,3,15,16,16,16,16,16,16,16,16,16,16,16,16,15,15,15,15,15,15,15,15,5,5,5,5,15,15,17,17,17,17,17,17,17,17,17,17,17,17,17,17,15,10,10,10,10,10,10,10,10,10,10,10,10,10,10,10,10,10,10,10,10,10,10,10,10,10,10,10,10,10,10,10,10,10,10,10,10,10,10,10,10
16,16,16,16,16,16,16,16,16,16,16,16,16,16,16,15,15,3,3,3,3,3,3,3,3,3,3,3,3,3,3,3,3,3,3,3,3,3,3,3,3,3,3,3,15,15,15,16,16,16,16,16,16,16,16,16,16,5,5,5,5,5,5,5,5,5,5,5,5,5,5,15,15,17,17,17,17,17,17,17,17,17,17,17,17,17,17,15,10,10,10,10,10,10,10,10,10,10,10,10,10,10,10,10,10,10,10,10,10,10,10,10,10,10,10,10,10,10,10,10,10,10,10,10,10,10,10,10
16,16,16,16,16,16,16,16,16,16,16,16,16,16,4,4,4,4,4,4,4,4,4,4,4,4,4,4,4,4,4,4,4,4,4,4,4,15,15,15,15,15,15,15,15,16,16,16,16,16,16,16,16,16,16,16,15,5,5,5,5,5,5,5,5,5,5,5,5,5,5,15,15,17,17,17,17,17,17,17,17,17,17,17,17,17,17,15,10,10,10,10,10,10,10,10,10,10,10,10,10,10,10,10,10,10,10,10,10,10,10,10,10,10,10,10,10,10,10,10,10,10,10,10,10,10,10,10
16,16,16,16,16,16,16,16,16,16,4,4,4,4,4,4,4,4,4,4,4,4,4,4,4,4,4,4,4,4,4,4,4,4,4,4,4,16,16,16,16,16,16,16,16,16,16,16,16,16,16,16,16,16,15,15,15,5,5,5,5,5,5,5,5,5,5,5,5,5,5,15,15,17,17,17,17,17,17,17,17,17,17,17,17,17,17,15,10,10,10,10,10,10,10,10,10,10,10,10,10,10,10,10,10,10,10,10,10,10,10,10,10,10,10,10,10,10,10,10,10,10,10,10,10,10,10,10
16,16,16,16,16,16,16,16,16,15,4,4,4,4,4,4,4,4,4,4,4,4,4,4,4,4,4,4,4,4,4,4,4,4,4,4,4,16,16,16,16,16,16,16,16,16,16,16,16,16,16,16,15,15,15,15,15,5,5,5,5,5,5,5,5,5,5,5,5,5,5,15,15,17,17,17,17,17,17,17,17,17,17,17,17,17,17,15,10,10,10,10,10,10,10,10,10,10,10,10,10,10,10,10,10,10,10,10,10,10,10,10,10,10,10,10,10,10,10,10,10,10,10,10,10,10,10,10
16,16,16,16,16,4,4,16,4,4,4,4,4,4,4,4,4,4,4,4,4,4,4,4,4,4,4,4,4,4,4,4,4,4,4,4,4,15,16,16,16,16,16,16,16,16,16,16,16,16,16,16,15,15,15,5,5,5,5,5,5,5,5,5,5,5,5,5,5,5,5,15,15,17,17,17,17,17,17,17,17,17,17,17,17,17,17,15,10,10,10,10,10,10,10,10,10,10,10,10,10,10,10,10,10,10,10,10,10,10,10,10,10,10,10,10,10,10,10,10,10,10,10,10,10,10,10,10
16,16,16,16,4,4,4,4,4,4,4,4,4,4,4,4,4,4,4,4,4,4,4,4,4,4,4,4,4,4,4,4,4,4,4,4,4,16,16,16,16,16,16,16,16,16,16,16,16,16,16,15,16,16,15,5,5,5,5,5,5,5,5,5,5,5,5,5,5,5,5,15,15,17,17,17,17,17,17,17,17,17,17,17,17,17,17,15,10,10,10,10,10,10,10,10,10,10,10,10,10,10,10,10,10,10,10,10,10,10,10,10,10,10,10,10,10,10,10,10,10,10,10,10,10,10,10,10
16,16,16,4,4,4,4,4,4,4,4,4,4,4,4,4,4,4,4,4,4,4,4,4,4,4,4,4,4,4,4,4,4,4,4,4,16,16,16,16,16,16,16,16,16,16,16,16,16,16,16,16,16,16,16,5,5,5,5,5,5,5,5,5,5,5,5,5,5,5,5,15,15,17,17,17,17,17,17,17,17,17,17,17,17,17,15,15,10,10,10,10,10,10,10,10,10,10,10,10,10,10,10,10,10,10,10,10,10,10,10,10,10,10,10,10,10,10,10,10,10,10,10,10,10,10,10,10
16,16,4,4,4,4,4,4,4,4,4,4,4,4,4,4,4,4,4,4,4,4,4,4,4,4,4,4,4,4,4,4,4,4,4,4,16,16,16,16,16,16,16,16,16,16,16,16,16,16,16,16,16,16,16,5,5,5,5,5,5,5,5,5,5,5,5,5,5,5,5,15,15,17,17,17,17,17,17,17,17,17,17,17,17,17,15,10,10,10,10,10,10,10,10,10,10,10,10,10,10,10,10,10,10,10,10,10,10,10,10,10,10,10,10,10,10,10,10,10,10,10,10,10,10,10,10,10
16,16,4,4,4,4,4,4,4,4,4,4,4,4,4,4,4,4,4,4,4,4,4,4,4,4,4,4,4,4,4,4,4,4,4,4,16,16,16,16,16,16,16,16,16,16,16,16,16,16,16,16,16,16,5,5,5,5,5,5,5,5,5,5,5,5,5,5,5,5,15,15,17,17,17,17,17,17,17,17,17,17,17,17,17,17,15,10,10,10,10,10,10,10,10,10,10,10,10,10,10,10,10,10,10,10,10,10,10,10,10,10,10,10,10,10,10,10,10,10,10,10,10,10,10,10,10,10
16,16,4,4,4,4,4,4,4,4,4,4,4,4,4,4,4,4,4,4,4,4,4,4,4,4,4,4,4,4,4,4,4,4,4,4,16,16,16,16,16,16,16,16,16,16,16,16,16,16,16,16,5,5,5,5,5,5,5,5,5,5,5,5,5,5,5,5,5,5,15,15,17,17,17,17,17,17,17,17,17,17,17,17,17,15,15,10,10,10,10,10,10,10,10,10,10,10,10,10,10,10,10,10,10,10,10,10,10,10,10,10,10,10,10,10,10,10,10,10,10,10,10,10,10,10,10,10
4,4,4,4,4,4,4,4,4,4,4,4,4,4,4,4,4,4,4,4,4,4,4,4,4,4,4,4,4,4,4,4,4,4,4,4,16,16,16,16,16,16,16,16,16,16,16,16,16,16,16,16,5,5,5,5,5,5,5,5,5,5,5,5,5,5,5,5,5,5,15,15,17,17,17,17,17,17,17,17,17,17,17,17,17,15,15,10,10,10,10,10,10,10,10,10,10,10,10,10,10,10,10,10,10,10,10,10,10,10,10,10,10,10,10,10,10,10,10,10,10,10,10,10,10,10,10,10
4,4,4,4,4,4,4,4,4,4,4,4,4,4,4,4,4,4,4,4,4,4,4,4,4,4,4,4,4,4,4,4,4,4,4,4,16,16,16,16,16,16,16,16,16,16,16,16,16,16,5,5,5,5,5,5,5,5,5,5,5,5,5,5,5,5,5,5,15,15,15,15,17,17,17,17,17,17,17,17,17,17,17,17,17,15,10,10,10,10,10,10,10,10,10,10,10,10,10,10,10,10,10,10,10,10,10,10,10,10,10,10,10,10,10,10,10,10,10,10,10,10,10,10,10,10,10,10
4,4,4,4,4,4,4,4,4,4,4,4,4,4,4,4,4,4,4,4,4,4,4,4,4,4,4,4,4,4,4,4,4,4,4,4,16,16,16,16,16,16,16,16,16,16,16,5,5,5,5,5,5,5,5,5,5,5,5,5,5,5,5,5,5,5,5,5,15,15,17,17,17,17,17,17,17,17,17,17,17,17,17,17,15,15,10,10,10,10,10,10,10,10,10,10,10,10,10,10,10,10,10,10,10,10,10,10,10,10,10,10,10,10,10,10,10,10,10,10,10,10,10,10,10,10,10,10
4,4,4,4,4,4,4,4,4,4,4,4,4,4,4,4,4,4,4,4,4,4,4,4,4,4,4,4,4,4,4,4,4,4,4,4,16,16,16,16,16,16,16,16,16,16,5,5,5,5,5,5,5,5,5,5,5,5,5,5,5,5,5,5,5,5,5,5,15,17,17,17,17,17,17,17,17,17,17,17,17,17,17,17,15,10,10,10,10,10,10,10,10,10,10,10,10,10,10,10,10,10,10,10,10,10,10,10,10,10,10,10,10,10,10,10,10,10,10,10,10,10,10,10,10,10,10,10
4,4,4,4,4,4,4,4,4,4,4,4,4,4,4,4,4,4,4,4,4,4,4,4,4,4,4,4,4,4,4,4,4,4,4,4,16,16,16,16,16,16,16,16,16,16,5,5,5,5,5,5,5,5,5,5,5,5,5,5,5,5,5,5,5,5,5,5,15,17,17,17,17,17,17,17,17,17,17,17,17,17,17,15,15,10,10,10,10,10,10,10,10,10,10,10,10,10,10,10,10,10,10,10,10,10,10,10,10,10,10,10,10,10,10,10,10,10,10,10,10,10,10,10,10,10,10,10
4,4,4,4,4,4,4,4,4,4,4,4,4,4,4,4,4,4,4,4,4,4,4,4,4,4,4,4,4,4,4,4,4,4,4,4,16,16,16,16,16,16,16,16,16,16,5,5,5,5,5,5,5,5,5,5,5,5,5,5,5,5,5,5,5,5,5,5,15,17,17,17,17,17,17,17,17,17,17,17,17,17,17,15,10,10,10,10,10,10,10,10,10,10,10,10,10,10,10,10,10,10,10,10,10,10,10,10,10,10,10,10,10,10,10,10,10,10,10,10,10,10,10,10,10,10,10,10
4,4,4,4,4,4,4,4,4,4,4,4,16,16,16,16,4,4,4,4,4,4,4,4,4,4,4,4,4,4,4,4,4,4,4,4,4,16,16,16,16,16,16,16,16,16,5,5,5,5,5,5,5,5,5,5,5,5,5,5,5,5,5,5,5,5,5,5,15,17,17,17,17,17,17,17,17,17,17,17,17,17,17,15,10,10,10,10,10,10,10,10,10,10,10,10,10,10,10,10,10,10,10,10,10,10,10,10,10,10,10,10,10,10,10,10,10,10,10,10,10,10,10,10,10,10,10,10
4,4,4,4,4,4,4,4,4,4,16,16,16,16,16,16,16,16,4,4,4,4,4,4,4,4,4,4,4,4,4,4,4,4,4,4,4,16,16,16,16,16,16,16,16,16,5,5,5,5,5,5,5,5,5,5,5,5,5,5,5,5,5,5,5,5,5,5,15,17,17,17,17,17,17,17,17,17,17,17,17,17,17,15,10,10,10,10,10,10,10,10,10,10,10,10,10,10,10,10,10,10,10,10,10,10,10,10,10,10,10,10,10,10,10,10,10,10,10,10,10,10,10,10,10,10,10,10
15,15,15,15,15,15,15,15,15,16,16,16,16,16,16,16,16,16,16,16,15,15,15,6,6,6,6,6,6,6,6,6,6,6,6,6,6,16,16,16,16,16,16,16,16,16,5,5,5,5,5,5,5,5,5,5,5,5,5,5,5,5,5,5,5,15,15,15,15,17,17,17,17,17,17,17,17,17,17,17,17,17,17,15,10,10,10,10,10,10,10,10,10,10,10,10,10,10,10,10,10,10,10,10,10,10,10,10,10,10,10,10,10,10,10,10,10,10,10,10,10,10,10,10,10,10,10,10
15,15,15,15,15,15,15,15,16,16,16,16,16,16,16,16,16,16,16,16,16,16,15,6,6,6,6,6,6,6,6,6,6,6,6,6,6,6,6,6,6,6,6,6,6,5,5,5,5,5,5,5,5,5,5,5,5,5,5,5,5,5,5,5,5,15,15,17,17,17,17,17,17,17,17,17,17,17,17,17,17,17,17,15,11,11,11,11,11,11,11,11,10,10,10,10,10,10,10,10,10,10,10,10,10,10,10,10,10,10,10,10,10,10,10,10,10,10,10,10,10,10,10,10,10,10,10,10
15,15,15,15,15,15,15,15,16,16,16,16,16,16,16,16,16,16,16,16,16,16,16,6,6,6,6,6,6,6,6,6,6,6,6,6,6,6,6,6,6,6,6,6,6,5,5,5,5,5,5,5,5,5,5,5,5,5,5,5,5,5,5,15,15,15,15,17,17,17,17,17,17,17,17,17,17,17,17,17,17,17,17,15,11,11,11,11,11,11,11,11,11,11,11,11,11,11,11,11,11,11,11,11,11,11,11,11,11,11,11,11,11,11,11,11,11,11,11,11,11,11,11,11,11,11,11,11
15,15,15,15,15,16,16,16,16,16,16,16,16,16,16,16,16,16,16,16,16,16,16,16,6,6,6,6,6,6,6,6,6,6,6,6,6,6,6,6,6,6,6,6,6,5,5,5,5,5,5,5,5,5,5,5,5,5,5,5,5,5,5,15,15,15,15,17,17,17,17,17,17,17,17,17,17,17,17,17,17,17,17,15,11,11,11,11,11,11,11,11,11,11,11,11,11,11,11,11,11,11,11,11,11,11,11,11,11,11,11,11,11,11,11,11,11,11,11,11,11,11,11,11,11,11,11,11
15,15,15,15,15,16,16,16,16,16,16,16,16,16,16,16,16,16,16,16,16,16,16,16,6,6,6,6,6,6,6,6,6,6,6,6,6,6,6,6,6,6,6,6,6,5,5,5,5,5,5,5,5,5,5,5,5,5,5,5,5,5,5,15,15,15,17,17,17,17,17,17,17,17,17,17,17,17,17,17,17,17,17,15,11,11,11,11,11,11,11,11,11,11,11,11,11,11,11,11,11,11,11,11,11,11,11,11,11,11,11,11,11,11,11,11,11,11,11,11,11,11,11,11,11,11,11,11
15,15,15,16,16,16,16,16,15,15,15,16,16,16,16,16,16,16,16,16,16,16,16,16,6,6,6,6,6,6,6,6,6,6,6,6,6,6,6,6,6,6,6,6,6,5,5,5,5,5,5,5,5,5,5,5,5,5,5,5,5,5,15,15,15,15,17,17,17,17,17,17,17,17,17,17,17,17,17,17,17,17,17,15,11,11,11,11,11,11,11,11,11,11,11,11,11,11,11,11,11,11,11,11,11,11,11,11,11,11,11,11,11,11,11,11,11,11,11,11,11,11,11,11,11,11,11,11
15,15,15,16,16,16,16,15,15,15,15,15,16,16,16,16,16,16,16,16,16,16,16,16,6,6,6,6,6,6,6,6,6,6,6,6,6,6,6,6,6,6,6,6,6,5,5,5,5,5,5,5,5,5,5,5,5,5,5,5,5,5,15,15,15,15,17,17,17,17,17,17,17,17,17,17,17,17,17,17,17,17,17,15,11,11,11,11,11,11,11,11,11,11,11,11,11,11,11,11,11,11,11,11,11,11,11,11,11,11,11,11,11,11,11,11,11,11,11,11,11,11,11,11,11,11,11,11
15,15,16,16,16,16,16,15,15,15,15,15,16,16,16,16,16,16,16,16,16,16,16,16,6,6,6,6,6,6,6,6,6,6,6,6,6,6,6,6,6,6,6,6,6,5,5,5,5,5,5,5,5,5,5,5,5,5,5,5,5,15,15,15,17,17,17,17,17,17,17,17,17,17,17,17,17,17,17,17,17,17,15,15,11,11,11,11,11,11,11,11,11,11,11,11,11,11,11,11,11,11,11,11,11,11,11,11,11,11,11,11,11,11,11,11,11,11,11,11,11,11,11,11,11,11,11,11
15,15,15,15,15,15,15,15,15,15,15,15,15,16,16,16,16,16,16,16,16,16,16,16,6,6,6,6,6,6,6,6,6,6,6,6,6,6,6,6,6,6,6,6,6,5,5,5,5,5,5,5,5,5,5,5,5,5,5,5,5,15,15,15,17,17,17,17,17,17,17,17,17,17,17,17,17,17,17,17,17,17,15,15,11,11,11,11,11,11,11,11,11,11,11,11,11,11,11,11,11,11,11,11,11,11,11,11,11,11,11,11,11,11,11,11,11,11,11,11,11,11,11,11,11,11,11,11
15,15,15,15,15,15,15,15,15,15,15,15,15,16,16,16,16,16,16,16,16,16,16,16,6,6,6,6,6,6,6,6,6,6,6,6,6,6,6,6,6,6,6,6,6,5,5,5,5,5,5,5,5,5,5,5,5,5,5,5,5,15,15,15,17,17,17,17,17,17,17,17,17,17,17,17,17,17,17,17,17,17,15,15,11,11,11,11,11,11,11,11,11,11,11,11,11,11,11,11,11,11,11,11,11,11,11,11,11,11,11,11,11,11,11,11,11,11,11,11,11,11,11,11,11,11,11,11
15,15,15,15,15,15,15,15,15,15,15,15,15,15,16,16,16,16,16,16,16,16,16,16,6,6,6,6,6,6,6,6,6,6,6,6,6,6,6,6,6,6,6,6,6,5,5,5,5,5,5,5,5,5,5,5,5,5,5,5,5,15,15,15,17,17,17,17,17,17,17,17,17,17,17,17,17,17,17,17,17,17,15,15,11,11,11,11,11,11,11,11,11,11,11,11,11,11,11,11,11,11,11,11,11,11,11,11,11,11,11,11,11,11,11,11,11,11,11,11,11,11,11,11,11,11,11,11
15,15,15,15,15,15,15,15,15,15,15,15,15,15,16,16,16,16,16,16,16,16,16,16,6,6,6,6,6,6,6,6,6,6,6,6,6,6,6,6,6,6,6,6,6,5,5,5,5,5,5,5,5,5,5,5,5,5,5,5,5,15,15,17,17,17,17,17,17,17,17,17,17,17,17,17,17,17,17,17,17,17,15,15,11,11,11,11,11,11,11,15,15,15,15,15,15,15,15,15,11,11,11,11,11,11,11,11,11,11,11,11,11,11,11,11,11,11,11,11,11,11,11,11,11,11,11,11
15,15,15,15,15,15,15,15,15,15,15,15,15,15,15,16,16,16,16,16,16,16,16,6,6,6,6,6,6,6,6,6,6,6,6,6,6,6,6,6,6,6,6,6,6,5,5,5,5,5,5,5,5,5,5,5,5,5,5,5,15,15,15,17,17,17,17,17,17,17,17,17,17,17,17,17,17,17,17,17,17,17,17,15,15,11,11,11,11,11,11,15,15,17,17,17,17,17,15,15,15,11,11,11,11,11,11,11,11,11,11,11,11,11,11,11,11,11,11,11,11,11,11,11,11,11,11,11
15,15,15,15,15,15,15,15,15,15,15,15,15,15,15,15,16,16,16,16,16,16,16,16,6,6,6,6,6,6,6,6,6,6,6,6,6,6,6,6,6,6,6,6,6,5,5,5,5,5,5,5,5,5,5,5,5,5,5,5,15,15,15,17,17,17,17,17,17,17,17,17,17,17,17,17,17,17,17,17,17,17,17,17,15,15,15,15,15,15,15,15,17,17,17,17,17,17,17,17,15,15,11,11,11,11,11,11,11,11,11,11,11,11,11,11,11,11,11,11,11,11,11,11,11,11,11,11
15,15,15,15,15,15,15,15,15,15,15,15,15,15,15,15,16,16,16,16,16,16,16,16,6,6,6,6,6,6,6,6,6,6,6,6,6,6,6,6,6,6,6,6,6,6,5,5,5,5,5,5,5,5,5,5,5,5,5,5,15,15,15,17,17,17,17,17,17,17,17,17,17,17,17,17,17,17,17,17,17,17,17,17,15,12,12,12,12,12,12,15,17,17,17,17,17,17,17,17,15,15,15,15,11,11,11,11,11,11,11,11,11,11,11,11,11,11,11,11,11,11,11,11,11,11,11,11
15,15,15,15,15,15,15,15,15,15,15,15,15,15,15,15,16,16,16,16,16,16,16,16,16,6,6,6,6,6,6,6,6,6,6,6,6,6,6,6,6,6,6,6,6,6,5,5,5,5,5,5,5,5,5,5,5,5,15,15,15,15,15,17,17,17,17,17,17,17,17,17,17,17,17,17,17,17,17,17,15,15,17,17,15,12,12,12,12,12,12,15,17,17,17,17,17,17,17,17,17,17,17,15,15,15,15,11,11,11,11,11,11,11,11,11,11,11,11,11,11,11,11,11,11,11,11,11
15,15,15,15,15,15,15,15,15,15,16,15,15,15,16,15,16,16,16,16,16,16,16,16,16,6,6,6,6,6,6,6,6,6,6,6,6,6,6,6,6,6,6,6,6,6,5,5,5,5,5,5,5,5,5,5,5,5,15,15,15,15,17,17,17,17,17,17,17,17,17,17,17,17,17,17,17,17,17,15,15,15,17,17,15,12,12,12,12,12,12,15,15,17,17,17,17,17,17,17,17,17,17,17,17,17,15,15,11,11,11,11,11,11,11,11,11,11,11,11,11,11,11,11,11,11,11,11
15,15,15,15,15,15,15,15,15,15,16,15,15,15,16,16,16,16,16,16,16,16,16,16,16,16,16,6,6,6,6,6,6,6,6,6,6,6,6,6,6,6,6,6,6,6,5,5,5,5,5,5,5,5,5,5,5,15,15,15,15,15,17,17,17,17,17,17,17,17,17,17,17,17,17,17,17,17,15,15,15,15,17,17,15,15,15,12,12,12,12,12,15,15,17,17,17,17,17,17,17,17,17,17,17,17,15,15,15,11,11,11,11,11,11,11,11,11,11,11,11,11,11,11,11,11,11,11
15,15,15,15,15,15,15,15,15,16,16,16,15,15,16,16,16,16,16,16,16,16,16,16,16,16,16,6,6,6,6,6,6,6,6,6,6,6,6,6,6,6,6,6,6,6,5,5,5,5,5,5,5,5,5,5,5,15,15,17,17,17,17,17,17,17,17,17,17,17,17,17,17,17,17,17,17,17,15,15,15,15,17,17,17,17,15,12,12,12,12,12,15,15,17,17,17,17,17,17,17,17,17,17,17,17,17,17,15,11,11,11,11,11,11,11,11,11,11,11,11,11,11,11,11,11,11,11
15,15,15,15,15,15,16,15,16,16,16,16,16,16,16,16,16,16,16,16,16,16,16,16,16,16,16,6,6,6,6,6,6,6,6,6,6,6,6,6,6,6,6,6,6,6,5,5,5,5,5,5,5,5,5,15,15,15,15,17,17,17,17,17,17,17,17,17,17,17,17,17,17,17,17,15,15,15,15,15,15,15,17,17,17,17,15,12,12,12,12,12,15,15,15,17,17,17,17,17,17,17,17,17,17,17,17,17,15,15,15,11,11,11,11,11,11,11,11,11,11,11,11,11,11,11,11,11
15,15,15,15,15,15,16,16,16,16,16,16,16,16,16,15,16,16,16,16,16,16,16,16,16,16,16,16,16,16,6,6,6,6,6,6,6,6,6,6,6,6,6,6,6,6,5,5,5,5,5,5,5,5,5,15,15,15,15,17,17,17,17,17,17,17,17,17,17,17,17,17,17,17,17,15,16,16,16,15,15,15,15,15,17,17,15,12,12,12,12,12,12,12,15,17,17,17,17,17,17,17,17,17,17,17,17,17,17,15,15,11,11,11,11,11,11,11,11,11,11,11,11,11,11,11,11,11
15,15,15,15,15,16,16,16,16,16,16,16,16,16,15,15,15,15,16,16,16,16,16,16,16,16,16,16,16,16,6,6,6,6,6,6,6,6,6,6,6,6,6,6,6,6,5,5,5,5,5,5,5,15,15,15,15,17,17,17,17,17,17,17,17,17,17,17,17,17,17,17,17,17,15,15,16,16,16,16,15,15,15,15,17,17,15,12,12,12,12,12,12,12,15,15,17,17,17,17,17,17,17,17,17,17,17,17,17,17,15,11,11,11,11,11,11,11,11,11,11,11,11,11,11,11,11,11
7,7,7,7,7,7,7,7,7,16,16,16,16,15,15,15,15,15,16,16,16,16,16,16,16,16,16,16,16,16,6,6,6,6,6,6,6,6,6,6,6,6,6,6,6,6,5,5,5,5,5,5,5,15,15,17,17,17,17,17,17,17,17,17,17,17,17,17,17,17,17,17,17,17,15,15,16,16,16,16,16,15,15,15,17,17,15,12,12,12,12,12,12,12,12,15,17,17,17,17,17,17,17,17,17,17,17,17,17,17,15,11,11,11,11,11,11,11,11,11,11,11,11,11,11,11,11,11
7,7,7,7,7,7,7,7,7,7,7,7,16,15,15,15,15,15,16,16,16,16,16,16,16,16,16,16,16,16,15,6,6,6,6,6,6,6,6,6,6,6,6,6,6,6,5,5,5,5,5,5,15,15,15,17,17,17,17,17,17,17,17,17,17,17,17,17,17,17,17,17,17,17,16,16,16,16,16,16,15,15,15,15,17,17,15,12,12,12,12,12,12,12,12,15,15,15,15,17,17,17,17,17,17,17,17,17,17,15,15,11,11,11,11,11,11,11,11,11,11,11,11,11,11,11,11,11
7,7,7,7,7,7,7,7,7,7,7,7,7,7,7,15,15,15,15,16,15,16,16,16,16,16,16,16,16,16,15,15,6,6,6,6,6,6,6,6,6,6,6,6,6,6,5,5,5,5,15,15,15,17,17,17,17,17,17,17,17,17,17,17,17,17,17,17,17,17,17,17,15,15,16,16,16,16,16,16,15,15,15,15,15,17,15,12,12,12,12,12,12,12,12,12,12,12,15,17,17,17,17,17,17,17,17,17,15,15,11,11,11,11,11,11,11,11,11,11,11,11,11,11,11,11,11,11
7,7,7,7,7,7,7,7,7,7,7,7,7,7,7,7,7,15,15,15,15,15,15,16,16,16,16,16,16,15,15,15,15,6,6,6,6,6,6,6,6,6,6,6,6,6,5,5,5,5,15,17,17,17,17,17,17,17,17,17,17,17,17,17,17,17,17,17,17,17,17,17,16,16,16,16,16,16,16,15,15,15,15,15,15,17,15,12,12,12,12,12,12,12,12,12,12,12,15,15,15,17,17,17,17,17,17,15,15,11,11,11,11,11,11,11,11,11,11,11,11,11,11,11,11,11,11,11
7,7,7,7,7,7,7,7,7,7,7,7,7,7,7,7,7,7,7,15,15,15,15,16,15,16,16,15,15,15,15,15,15,6,6,6,6,6,6,6,6,6,6,6,6,6,5,5,15,15,15,17,17,17,17,17,17,17,17,17,17,17,17,17,17,17,17,17,17,17,15,16,16,16,16,16,16,16,16,15,15,15,15,15,15,17,15,12,12,12,12,12,12,12,12,12,12,12,12,12,15,15,15,17,17,17,17,15,15,11,11,11,11,11,11,11,11,11,11,11,11,11,11,11,11,11,11,11
7,7,7,7,7,7,7,7,7,7,7,7,7,7,7,7,7,7,7,7,7,7,7,15,15,16,16,15,15,15,15,15,15,15,6,6,6,6,6,6,6,6,6,6,6,6,15,15,15,17,17,17,17,17,17,17,17,17,17,17,17,17,17,17,17,17,17,17,17,17,16,16,16,16,16,16,16,16,16,15,15,15,15,15,15,17,15,12,12,12,12,12,12,12,12,12,12,12,12,12,12,12,15,15,15,15,15,15,12,12,12,12,12,12,12,12,12,12,12,12,12,12,12,12,12,12,12,12
7,7,7,7,7,7,7,7,7,7,7,7,7,7,7,7,7,7,7,7,7,7,7,7,7,7,7,15,15,15,15,15,15,15,6,6,6,6,6,6,6,6,6,6,6,6,15,17,17,17,17,17,17,17,17,17,17,17,17,17,17,17,17,17,17,17,17,17,17,17,15,16,16,16,16,16,16,16,16,16,15,15,15,15,15,17,15,12,12,12,12,12,12,12,12,12,12,12,12,12,12,12,12,12,12,12,12,12,12,12,12,12,12,12,12,12,12,12,12,12,12,12,12,12,12,12,12,12
7,7,7,7,7,7,7,7,7,7,7,7,7,7,7,7,7,7,7,7,7,7,7,7,7,7,7,7,7,7,7,15,15,15,15,6,6,6,6,6,6,6,6,6,6,6,15,17,17,17,17,17,17,17,17,17,17,17,17,17,17,17,17,17,17,17,17,17,17,15,15,15,16,16,16,16,16,16,16,15,15,15,15,15,15,17,15,12,12,12,12,12,12,12,12,12,12,12,12,12,12,12,12,12,12,12,12,12,12,12,12,12,12,12,12,12,12,12,12,12,12,12,12,12,12,12,12,12
7,7,7,7,7,7,7,7,7,7,7,7,7,7,7,7,7,7,7,7,7,7,7,7,7,7,7,7,7,7,7,7,15,15,15,15,6,6,6,6,6,6,6,6,15,15,17,17,17,17,17,17,17,17,17,17,17,17,17,17,17,17,17,17,17,17,15,15,15,15,15,15,16,16,16,16,16,16,16,16,16,15,15,15,15,17,15,15,15,15,15,12,12,12,12,12,12,12,12,12,12,12,12,12,12,12,12,12,12,12,12,12,12,12,12,12,12,12,12,12,12,12,12,12,12,12,12,12
7,7,7,7,7,7,7,7,7,7,7,7,7,7,7,7,7,7,7,7,7,7,7,7,7,7,7,7,7,7,7,7,7,7,7,15,15,6,6,6,6,6,6,15,15,15,17,17,17,17,17,17,17,17,17,17,17,17,17,17,17,17,17,17,17,17,15,15,15,15,15,15,16,16,16,16,16,16,16,16,16,16,16,16,15,17,16,16,16,16,15,12,12,12,12,12,12,12,12,12,12,12,12,12,12,12,12,12,12,12,12,12,12,12,12,12,12,12,12,12,12,12,12,12,12,12,12,12
7,7,7,7,7,7,7,7,7,7,7,7,7,7,7,7,7,7,7,7,7,7,7,7,7,7,7,7,7,7,7,7,7,7,7,15,15,15,6,6,6,6,15,15,17,17,17,17,17,17,17,17,17,17,17,17,17,17,17,17,17,17,17,17,17,17,15,15,16,16,16,16,16,16,16,16,16,16,16,16,16,16,16,16,15,17,16,16,16,16,16,12,12,12,12,12,12,12,12,12,12,12,12,12,12,12,12,12,12,12,12,12,12,12,12,12,12,12,12,12,12,12,12,12,12,12,12,12
7,7,7,7,7,7,7,7,7,7,7,7,7,7,7,7,7,7,7,7,7,7,7,7,7,7,7,7,7,7,7,7,7,7,7,7,15,15,15,6,6,6,15,15,17,17,17,17,17,17,17,17,17,17,17,17,17,17,17,17,17,17,17,17,17,15,15,15,16,16,16,16,16,16,16,16,16,16,16,16,16,16,16,16,15,17,16,16,16,16,15,12,12,12,12,12,12,12,12,12,12,12,12,12,12,12,12,12,12,12,12,12,12,12,12,12,12,12,12,12,12,12,12,12,12,12,12,12
7,7,7,7,7,7,7,7,7,7,7,7,7,7,7,7,7,7,7,7,7,7,7,7,7,7,7,7,7,7,7,7,7,7,7,7,7,15,15,15,15,15,15,17,17,17,17,17,17,17,17,17,17,17,17,17,17,17,17,17,17,17,17,17,15,15,15,15,16,16,16,16,16,16,16,16,16,16,16,16,16,15,17,17,17,17,16,16,16,16,16,12,12,12,12,12,12,12,12,12,12,12,12,12,12,12,12,12,12,12,12,12,12,12,12,12,12,12,12,12,12,12,12,12,12,12,12,12
7,7,7,7,7,7,7,7,7,7,7,7,7,7,7,7,7,7,7,7,7,7,7,7,7,7,7,7,7,7,7,7,7,7,7,7,7,15,15,17,17,17,17,17,17,17,17,17,17,17,17,17,15,15,15,17,17,17,17,17,17,17,17,17,15,15,16,16,16,16,16,16,16,16,16,16,16,16,16,16,16,16,17,17,16,16,16,16,16,16,15,12,12,12,12,12,12,12,12,12,12,12,12,12,12,12,12,12,12,12,12,12,12,12,12,12,12,12,12,12,12,12,12,12,12,12,12,12
7,7,7,7,7,7,7,7,7,7,7,7,7,7,7,7,7,7,7,7,7,7,7,7,7,7,7,7,7,7,7,7,7,7,7,7,15,15,17,17,17,17,17,17,17,17,17,17,17,17,17,15,15,15,17,17,17,17,17,17,17,17,17,15,15,15,16,16,16,16,16,16,16,16,16,16,16,16,16,16,16,16,17,16,16,16,16,16,15,15,15,12,12,12,12,12,12,12,12,12,12,12,12,12,12,12,12,12,12,12,12,12,12,12,12,12,12,12,12,12,12,12,12,12,12,12,12,12
7,7,7,7,7,7,7,7,7,7,7,7,7,7,7,7,7,7,7,7,7,7,7,7,7,7,7,7,7,7,7,7,7,7,15,15,15,17,17,17,17,17,17,17,17,17,17,17,17,17,15,15,15,15,17,17,17,17,17,17,17,17,17,15,15,16,16,16,16,16,16,16,16,16,16,16,16,16,16,16,16,16,17,16,16,16,16,16,15,15,15,12,12,12,12,12,12,12,12,12,12,12,12,12,12,12,12,12,12,12,12,12,12,12,12,12,12,12,12,12,12,12,12,12,12,12,12,12
7,7,7,7,7,7,7,7,7,7,7,7,7,7,7,7,7,7,7,7,7,7,7,7,7,7,7,7,7,7,7,7,15,15,15,17,17,17,17,17,17,17,17,17,17,17,17,17,17,17,15,15,15,15,17,17,17,17,17,17,17,17,15,15,15,15,16,16,16,16,16,16,16,16,16,16,16,16,16,16,16,16,17,16,16,16,16,16,16,16,16,16,12,12,12,12,12,12,12,12,12,12,12,12,12,12,12,12,12,12,12,12,12,12,12,12,12,12,12,12,12,12,12,12,12,12,12,12
7,7,7,7,7,7,7,7,7,7,7,7,7,7,7,7,7,7,7,7,7,7,7,7,7,7,7,7,7,7,15,15,15,15,17,17,17,17,17,17,17,17,17,17,17,17,17,17,15,15,15,15,15,15,17,17,17,17,17,17,17,17,15,15,15,15,16,16,16,16,16,16,16,16,16,16,16,16,16,16,16,16,17,16,16,16,16,16,16,16,16,16,16,16,16,12,12,12,12,12,12,12,12,12,12,12,12,12,12,12,12,12,12,12,12,12,12,12,12,12,12,12,12,12,12,12,12,12
7,7,7,7,7,7,7,7,7,7,7,7,7,7,7,7,7,7,7,7,7,7,7,7,7,7,7,7,7,15,15,15,17,17,17,17,17,17,17,17,17,17,17,17,17,17,17,17,15,15,15,15,15,15,17,17,17,17,17,17,15,15,15,15,15,15,15,15,16,16,16,16,16,16,16,16,16,16,16,16,16,16,17,16,16,16,16,16,16,16,16,16,16,16,16,12,12,12,12,12,12,12,12,12,12,12,12,12,12,12,12,12,12,12,12,12,12,12,12,12,12,12,12,12,12,12,12,12
7,7,7,7,7,7,7,7,7,7,7,7,7,7,7,7,7,7,7,7,7,7,7,7,7,7,7,15,15,15,17,17,17,17,17,17,17,17,17,17,17,17,17,17,17,17,15,15,15,15,15,15,15,17,17,17,17,17,15,15,15,15,15,14,14,14,15,15,16,16,16,16,16,16,16,16,16,16,16,16,16,16,17,16,16,16,16,16,16,16,16,16,16,16,16,12,12,12,12,12,12,12,12,12,12,12,12,12,12,12,12,12,12,12,12,12,12,12,12,12,12,12,12,12,12,12,12,12
7,7,7,7,7,7,7,7,7,7,7,7,7,7,7,7,7,7,7,7,7,7,7,7,7,7,15,15,15,15,17,17,17,17,17,17,17,17,17,17,17,17,17,15,15,15,15,15,15,15,15,15,17,17,17,17,17,17,15,14,14,14,14,14,14,14,14,15,16,16,16,16,16,16,16,16,16,16,16,16,16,16,17,16,16,16,16,16,16,16,16,16,16,16,16,12,12,12,12,12,12,12,12,12,12,12,12,12,12,12,12,12,12,12,12,12,12,12,12,12,12,12,12,12,12,12,12,12
7,7,7,7,7,7,7,7,7,7,7,7,7,7,7,7,7,7,7,7,7,7,7,7,7,7,15,15,17,17,17,17,17,17,17,17,17,17,17,17,15,15,15,15,15,15,15,15,15,15,15,15,17,17,17,17,17,17,15,14,14,14,14,14,14,14,14,15,15,15,15,15,16,16,16,16,16,16,16,16,16,16,17,16,16,16,16,16,16,16,16,16,15,16,15,12,12,12,12,12,12,12,12,12,12,12,12,12,12,12,12,12,12,12,12,12,12,12,12,12,12,12,12,12,12,12,12,12
7,7,7,7,7,7,7,7,7,7,7,7,7,7,7,7,7,7,7,7,7,7,7,7,15,15,15,17,17,17,17,17,17,17,17,17,17,17,17,15,15,15,15,15,15,15,15,15,16,15,15,15,17,17,17,17,17,17,15,14,14,14,14,14,14,14,14,14,14,14,14,15,16,16,16,16,16,16,16,16,16,16,17,16,16,16,16,16,16,16,16,16,15,15,13,13,13,13,13,13,13,13,13,13,13,13,13,13,13,13,13,13,13,13,13,13,13,13,13,13,13,13,13,13,13,13,13,13
7,7,7,7,7,7,7,7,7,7,7,7,7,7,7,7,7,7,7,7,7,7,7,15,15,17,17,17,17,17,17,17,17,17,17,17,17,15,15,15,15,15,15,15,15,16,15,15,16,15,15,15,17,17,17,17,17,17,15,14,14,14,14,14,14,14,14,14,14,14,14,15,16,16,16,16,16,16,16,16,16,16,17,17,16,16,16,16,16,16,15,16,15,15,13,13,13,13,13,13,13,13,13,13,13,13,13,13,13,13,13,13,13,13,13,13,13,13,13,13,13,13,13,13,13,13,13,13
7,7,7,7,7,7,7,7,7,7,7,7,7,7,7,7,7,7,7,7,7,15,15,15,17,17,17,17,17,17,17,17,17,17,17,17,15,15,15,15,15,15,15,15,15,15,16,15,15,15,15,15,17,17,17,17,15,15,15,14,14,14,14,14,14,14,14,14,14,14,14,15,16,16,16,16,16,16,16,16,16,16,16,17,16,16,16,16,16,16,15,13,13,13,13,13,13,13,13,13,13,13,13,13,13,13,13,13,13,13,13,13,13,13,13,13,13,13,13,13,13,13,13,13,13,13,13,13
7,7,7,7,7,7,7,7,7,7,7,7,7,7,7,7,7,7,7,7,15,15,17,17,17,17,17,17,17,17,17,17,17,17,17,15,15,15,15,15,15,15,15,15,15,16,16,16,15,16,15,15,17,17,17,17,15,15,15,14,14,14,14,14,14,14,14,14,14,14,14,15,15,15,15,16,16,16,16,16,16,16,16,17,16,16,16,16,16,16,15,13,13,13,13,13,13,13,13,13,13,13,13,13,13,13,13,13,13,13,13,13,13,13,13,13,13,13,13,13,13,13,13,13,13,13,13,13
7,7,7,7,7,7,7,7,7,7,7,7,7,7,7,7,7,7,7,7,15,17,17,17,17,17,17,17,17,17,17,17,17,15,15,15,15,15,15,15,15,15,15,15,15,16,16,16,15,16,15,15,17,17,17,17,15,15,14,14,14,14,14,14,14,14,14,14,14,14,14,14,14,14,15,16,16,16,16,16,16,16,16,17,16,16,16,16,15,16,15,13,13,13,13,13,13,13,13,13,13,13,13,13,13,13,13,13,13,13,13,13,13,13,13,13,13,13,13,13,13,13,13,13,13,13,13,13
7,7,7,7,7,7,7,7,7,7,7,7,7,7,7,7,7,15,15,15,15,17,17,17,17,17,17,17,17,17,17,17,15,15,15,15,15,15,15,15,15,15,15,15,15,16,15,16,15,15,15,15,17,17,17,17,15,15,14,14,14,14,14,14,14,14,14,14,14,14,14,14,14,14,15,16,16,16,16,16,16,16,16,17,15,16,16,16,15,15,15,13,13,13,13,13,13,13,13,13,13,13,13,13,13,13,13,13,13,13,13,13,13,13,13,13,13,13,13,13,13,13,13,13,13,13,13,13
7,7,7,7,7,7,7,7,7,7,7,7,7,7,7,7,7,15,15,15,17,17,17,17,17,17,17,17,17,17,17,17,15,15,15,15,15,15,15,15,15,16,15,15,16,15,16,15,15,15,15,15,15,17,17,17,15,15,14,14,14,14,14,14,14,14,14,14,14,14,14,14,14,14,15,15,15,15,16,16,16,16,16,17,15,15,16,15,13,13,13,13,13,13,13,13,13,13,13,13,13,13,13,13,13,13,13,13,13,13,13,13,13,13,13,13,13,13,13,13,13,13,13,13,13,13,13,13
7,7,7,7,7,7,7,7,7,7,7,7,7,7,7,7,15,15,17,17,17,17,17,17,17,17,17,17,17,17,17,17,15,15,15,15,15,16,15,15,15,15,15,15,15,16,15,15,15,15,15,15,15,17,17,17,15,15,14,14,14,14,14,14,14,14,14,14,14,14,14,14,14,14,15,15,15,15,15,15,15,15,15,17,15,15,15,15,13,13,13,13,13,13,13,13,13,13,13,13,13,13,13,13,13,13,13,13,13,13,13,13,13,13,13,13,13,13,13,13,13,13,13,13,13,13,13,13
7,7,7,7,7,7,7,7,7,7,7,7,7,15,15,15,15,17,17,17,17,17,17,17,17,17,17,17,17,17,15,15,15,15,15,15,15,16,15,15,15,15,15,15,15,15,15,15,15,15,15,15,15,17,17,17,15,15,14,14,14,14,14,14,14,14,14,14,14,14,14,14,14,14,14,14,14,14,14,14,14,15,17,17,17,15,13,13,13,13,13,13,13,13,13,13,13,13,13,13,13,13,13,13,13,13,13,13,13,13,13,13,13,13,13,13,13,13,13,13,13,13,13,13,13,13,13,13
7,7,7,7,7,7,7,7,7,7,7,7,7,15,15,17,17,17,17,17,17,17,17,17,17,17,17,17,17,15,15,15,15,15,15,15,15,15,15,15,15,16,15,15,15,15,15,15,15,15,15,15,15,17,17,17,15,15,14,14,14,14,14,14,14,14,14,14,14,14,14,14,14,14,14,14,14,14,14,14,14,15,17,17,17,15,13,13,13,13,13,13,13,13,13,13,13,13,13,13,13,13,13,13,13,13,13,13,13,13,13,13,13,13,13,13,13,13,13,13,13,13,13,13,13,13,13,13
7,7,7,7,7,7,7,7,7,7,7,7,15,15,17,17,17,17,17,17,17,17,17,17,17,17,17,15,15,15,15,16,15,15,15,16,15,15,16,15,16,16,16,15,15,15,15,15,15,15,15,15,17,17,17,17,17,15,14,14,14,14,14,14,14,14,14,14,14,14,14,14,14,14,14,14,14,14,14,14,14,15,15,15,17,15,13,13,13,13,13,13,13,13,13,13,13,13,13,13,13,13,13,13,13,13,13,13,13,13,13,13,13,13,13,13,13,13,13,13,13,13,13,13,13,13,13,13
7,7,7,7,7,7,7,7,7,7,7,15,15,17,17,17,17,17,17,17,17,17,17,17,17,17,15,15,15,16,16,16,15,15,15,16,15,15,15,16,16,16,16,16,16,15,15,15,15,15,15,17,17,17,17,17,17,15,14,14,14,14,14,14,14,14,14,14,14,14,14,14,14,14,14,14,14,14,14,14,14,14,14,15,17,15,13,13,13,13,13,13,13,13,13,13,13,13,13,13,13,13,13,13,13,13,13,13,13,13,13,13,13,13,13,13,13,13,13,13,13,13,13,13,13,13,13,13
7,7,7,7,7,7,7,7,7,15,15,15,17,17,17,17,17,17,17,17,17,17,17,17,17,15,15,15,15,16,16,16,16,15,15,15,15,15,15,16,16,16,16,16,16,15,16,15,15,15,15,17,17,17,17,17,17,15,14,14,14,14,14,14,14,14,14,14,14,14,14,14,14,14,14,14,14,14,14,14,14,14,14,15,17,15,15,15,13,13,13,13,13,13,13,13,13,13,13,13,13,13,13,13,13,13,13,13,13,13,13,13,13,13,13,13,13,13,13,13,13,13,13,13,13,13,13,13
7,7,7,7,7,7,7,7,15,15,15,17,17,17,17,17,17,17,17,17,17,17,17,17,17,15,15,15,16,16,16,16,15,16,15,15,15,16,16,16,16,16,16,16,16,16,16,16,15,15,15,17,17,17,17,17,15,15,14,14,14,14,14,14,14,14,14,14,14,14,14,14,14,14,14,14,14,14,14,14,14,14,14,15,17,17,17,15,13,13,13,13,13,13,13,13,13,13,13,13,13,13,13,13,13,13,13,13,13,13,13,13,13,13,13,13,13,13,13,13,13,13,13,13,13,13,13,13
7,7,7,7,7,7,7,15,15,15,17,17,17,17,17,17,17,17,17,17,17,17,17,17,15,15,15,15,15,16,16,16,15,15,15,15,16,16,16,16,16,16,16,16,16,16,16,16,16,15,15,17,17,17,17,17,15,15,14,14,14,14,14,14,14,14,14,14,14,14,14,14,14,14,14,14,14,14,14,14,14,14,14,15,15,17,17,15,13,13,13,13,13,13,13,13,13,13,13,13,13,13,13,13,13,13,13,13,13,13,13,13,13,13,13,13,13,13,13,13,13,13,13,13,13,13,13,13
7,7,7,7,7,7,15,15,15,17,17,17,17,17,17,17,17,17,17,17,17,17,15,15,15,15,15,15,15,15,16,15,15,15,15,16,16,16,16,16,16,16,16,16,16,16,16,16,15,15,17,17,17,17,17,17,15,15,14,14,14,14,14,14,14,14,14,14,14,14,14,14,14,14,14,14,14,14,14,14,14,14,14,15,15,17,15,15,13,13,13,13,13,13,13,13,13,13,13,13,13,13,13,13,13,13,13,13,13,13,13,13,13,13,13,13,13,13,13,13,13,13,13,13,13,13,13,13
7,7,7,7,7,7,15,15,17,17,17,17,17,17,17,17,17,17,17,17,17,17,15,15,15,15,15,15,15,15,15,15,15,15,15,15,16,16,16,16,16,16,16,16,16,16,16,16,15,15,17,17,17,17,17,15,15,15,14,14,14,14,14,14,14,14,14,14,14,14,14,14,14,14,14,14,14,14,14,14,14,14,14,15,15,17,15,15,13,13,13,13,13,13,13,13,13,13,13,13,13,13,13,13,13,13,13,13,13,13,13,13,13,13,13,13,13,13,13,13,13,13,13,13,13,13,13,13
7,7,7,7,15,15,15,17,17,17,17,17,17,17,17,17,17,17,17,17,17,15,15,15,15,15,15,15,15,15,15,15,15,15,15,15,16,16,16,16,16,16,16,16,16,16,16,16,16,15,17,17,17,17,15,15,15,15,14,14,14,14,14,14,14,14,14,14,14,14,14,14,14,14,14,14,14,14,14,14,14,14,14,14,15,17,15,15,13,13,13,13,13,13,13,13,13,13,13,13,13,13,13,13,13,13,13,13,13,13,13,13,13,13,13,13,13,13,13,13,13,13,13,13,13,13,13,13
7,7,7,15,15,17,17,17,17,17,17,17,17,17,17,17,17,17,17,15,15,15,15,15,15,15,15,15,15,15,15,15,15,15,15,15,15,16,16,16,16,16,16,16,16,16,16,16,15,15,17,17,17,17,15,15,15,15,14,14,14,14,14,14,14,14,14,14,14,14,14,14,14,14,14,14,14,14,14,14,14,14,14,14,15,17,15,15,13,13,13,13,13,13,13,13,13,13,13,13,13,13,13,13,13,13,13,13,13,13,13,13,13,13,13,13,13,13,13,13,13,13,13,13,13,13,13,13
7,7,15,15,17,17,17,17,17,17,17,17,17,17,17,17,17,15,15,15,15,15,15,15,15,15,15,15,15,15,15,15,15,15,15,15,16,16,16,16,16,16,16,16,16,16,16,16,16,15,17,17,17,17,15,15,15,15,14,14,14,14,14,14,14,14,14,14,14,14,14,14,14,14,14,14,14,14,14,14,14,14,14,14,15,17,15,15,13,13,13,13,13,13,13,13,13,13,13,13,13,13,13,13,13,13,13,13,13,13,13,13,13,13,13,13,13,13,13,13,13,13,13,13,13,13,13,13
7,7,15,17,17,17,17,17,17,17,17,17,17,17,17,17,17,15,15,15,15,15,15,15,15,15,15,15,15,15,15,15,15,15,15,15,15,16,16,16,16,16,16,16,16,16,16,16,15,15,17,17,17,17,15,15,15,15,14,14,14,14,14,14,14,14,14,14,14,14,14,14,14,14,14,14,14,14,14,14,14,14,14,14,15,17,15,15,13,13,13,13,13,13,13,13,13,13,13,13,13,13,13,13,13,13,13,13,13,13,13,13,13,13,13,13,13,13,13,13,13,13,13,13,13,13,13,13
